batch,ID,C14:0,C15:0,C16:0,trans C16:1n-7,C16:1n-7,C17:0,C18:0,trans C18:1n-9,trans C18:1n-7,C18:1n-9,C18:1n-7,trans C18:2n-6,"C18:2 n-6, LA","C18:3 n-6, GLA","C18:3 n-3, ALA",C20:0,C20:1n-9,C20:2n-6,C20:3n-6,"C20:4n-6,AA",C22:0,"C20:5n-3,EPA",C22:4n-6,C24:0,C24:1n-9,"C22:5n-3,DPA","C22:6n-3,DHA"
1,QC1,370475,93728,12970025,1999,98131,150031,6636680,5310,5199,1741281,136588,2477,3466411,28978,169367,112998,15328,11279,170819,2193757,165202,155035,140419,110025,58045,87094,336776
1,QC2,275962,73494,8955258,82236,55105,105188,4599681,2495,4804,1283142,96574,3422,2722094,16932,88426,51799,11787,8836,149877,1624242,66852,122326,111005,58117,30685,76436,221497
1,413502-001,170101,39899,8859735,16634,47890,72522,5358597,4605,3232,996944,76854,1213,2293754,8726,32280,156690,12622,9555,112827,1904269,205884,41274,176319,204281,30399,56177,217637
1,413502-002,220002,58037,12770090,60502,105211,113270,6836123,5504,4669,1692830,104197,1069,3303622,22489,168653,174393,21361,12600,130742,2123065,239235,229187,141009,254764,42862,87039,300227
1,413502-003,328291,98513,11787761,60658,70760,134014,6867304,7622,14235,1315853,76667,1363,3858858,13185,461617,125313,14499,11032,96388,2531716,189095,69447,179781,229639,38090,55398,251588
1,413502-004,324019,91485,12409610,48098,147932,123547,5712210,7328,4501,1255338,118059,936,3016550,28318,108619,140687,14368,11475,195654,1729196,231297,209093,97179,240577,52914,84759,307414
1,413502-005,275826,67946,11490440,42937,89920,124340,6906515,10232,5813,1282618,109482,1312,2478092,21709,62125,125570,16237,12396,201843,2520476,234364,101072,196932,243105,60971,77609,333865
1,413502-006,196983,61387,8982133,48983,73072,105318,4894422,7277,4649,980316,86233,695,1796422,11417,57928,111692,12380,9385,108833,1545550,186526,196020,96264,183814,44244,73955,266193
1,413502-007,249234,65037,9603079,22761,68548,119136,5116907,9837,1529,788174,75252,1539,2797722,13902,246124,116317,11477,10143,102999,1491113,183116,199787,80188,214459,49200,75207,277282
1,413502-008,165992,59109,10913431,49021,79521,116476,5813550,7801,1722,1042989,101218,1020,2309919,13871,235137,116175,32975,8374,115776,2332478,198122,252477,85524,217708,76650,69277,368793
1,413502-009,618175,64571,11559929,44014,131390,109606,5151375,10022,2349,2315286,158173,1173,2995516,7682,144910,187493,39410,7266,65492,1443691,189440,236995,94555,173022,48366,72329,363293
1,413502-010,583111,86263,11677644,43700,93819,132207,6357072,11410,8073,1124737,107324,980,2922197,70833,118735,122679,15500,10766,253536,1869136,185933,242720,109195,166448,36949,80235,321608
1,QC1,416967,106312,15009482,30071,118255,164141,7680420,6506,6882,1745346,130860,1561,3561156,30701,174980,116187,23879,16257,198684,2398829,217269,174155,192245,279352,77025,93011,360074
1,QC2,357050,96285,12428824,85616,75562,129524,6795683,8695,8019,1447918,109019,1538,3213919,22357,107535,89133,18283,13108,188176,1933755,143020,158205,161041,218068,57748,84462,274525
1,413502-011,145194,57740,9027097,35925,59801,114328,5223253,8851,795,869752,83388,862,1781533,14523,138354,104191,15451,11110,125362,1763895,175015,191954,72732,192877,55115,71034,231132
1,413502-012,179734,46613,10383730,15231,99963,89446,5426199,4351,3007,1008672,93887,1039,1766527,28069,125632,109639,13067,11594,161220,2116897,206198,117222,152598,242286,55829,90455,243845
1,413502-013,291217,73179,11087415,22357,109032,121252,6932479,8291,10247,1412618,107937,1078,2272354,14822,107823,131618,24644,12846,139819,1744964,165709,87588,184739,204174,51164,64000,268439
1,413502-014,200112,45199,9404524,26194,101847,88630,4766684,7499,2330,881279,90206,648,1312029,12261,119836,95586,15231,8258,94096,1540460,155878,253700,102273,203332,57289,103618,367707
1,413502-015,164350,63679,10835285,35479,78317,128282,6008315,8063,4522,1148351,107154,1009,2426692,14445,125615,109449,17104,11584,142551,1812555,207576,181678,161290,287599,78517,104637,409036
1,QC1,448517,115787,15873762,32179,127724,177264,8176107,7592,8244,1860848,143033,1921,3765201,35701,207357,139760,26764,18863,238265,2677445,238538,191380,197702,343337,92845,104256,406563
1,QC2,345058,89805,11375924,81398,71140,123513,6046646,4022,6455,1365491,103259,1373,2949395,23685,112403,97348,20532,13673,198869,1955616,149086,160432,166281,268369,69924,89803,277043
2,QC1,454666,117066,16368673,33149,132930,181588,8499709,8567,8601,1937871,149218,1962,3917035,36704,208693,137817,27429,19022,235577,2768668,244053,196375,200895,359135,95280,110240,427698
2,QC2,320476,85281,10753669,81593,68027,115450,5633605,5288,6737,1315027,98606,1371,2842054,21779,105405,91865,19784,13386,192515,1898579,149365,145802,162789,260188,67905,86523,267895
2,385470-002,78005,26973,6982304,171,35200,50701,3853679,3420,1223,985468,53885,2089,2161079,22507,23529,54497,5947,4685,112237,1491139,90557,29151,149957,70245,11737,40383,133381
2,385470-005,101006,34407,6064029,655,40608,67006,3456781,3052,2093,727780,65060,1982,1557576,10540,40183,43440,5093,4938,71522,1113908,62826,77866,72324,63893,15461,41473,202346
2,385470-006,381346,82823,9405149,1019,72034,101780,4671394,8459,8175,1232286,89189,2577,2240232,14560,71496,67181,6753,6929,139442,1441064,97767,38170,124486,75842,17516,44081,207913
2,385470-007,150608,46856,7797034,506,44429,72057,4125360,4094,3205,1041308,66690,2152,2371575,21911,45006,59098,7109,5146,151065,1443243,96248,27723,123204,83365,20600,40906,143154
2,385470-008,204567,50046,7045120,2263,60704,81956,4152848,2666,1187,878477,74858,2019,1667066,11651,93148,65532,8916,6661,114536,1495056,97206,186385,101099,78100,21960,53485,272137
2,385470-009,163317,61461,6081053,924,94104,90223,3275042,3358,4589,882177,64287,2194,1096251,15470,24145,41989,4128,3251,107906,1647383,62161,25262,154822,70832,17926,36690,134350
2,385470-010,114400,49147,7650684,1501,44132,95720,4288347,2506,2112,1037835,92942,2938,2141039,9824,197236,69046,9550,7173,97693,1480330,87541,135544,87674,79221,26170,69552,315732
2,385470-011,201870,43233,8633051,3433,85106,84208,4025813,3181,687,916167,87353,1955,1399267,14168,111704,58109,10508,5273,70473,1433840,80931,339182,59835,57577,21363,84453,386676
2,385470-012,245045,45215,8710750,1063,95975,69098,4126285,2995,2966,1061732,76016,1992,1747505,28444,39250,49744,10544,7341,132240,1552358,76855,75406,107704,74227,18969,54203,248069
2,385470-013,329041,70800,8484433,3148,61570,95022,4154345,4483,4908,1031724,84578,2906,2400636,21018,80277,55470,7652,6616,119196,1766076,72598,70683,74355,51021,13766,60646,185103
2,385470-014,229143,78956,11341258,53323,96481,149750,5850842,4324,2591,1331263,117189,4596,2909963,11616,287784,96928,9086,7499,115710,2146984,119147,287311,59205,106314,47716,126335,397172
2,385470-015,158910,41387,8614053,1206,47072,81976,4391464,3117,589,890020,71646,3062,1929787,11703,36739,62024,7234,7391,92334,1478337,110303,155871,76443,110990,37669,102627,232405
2,385470-016,249739,71670,9013085,61892,84610,101276,4292045,3109,4125,1236434,85302,2467,2546924,15422,73563,61679,7688,6770,132377,1544854,102413,51479,87547,102642,34254,66766,199742
2,QC1,676124,165755,24689797,4010,181676,232092,12289319,9460,11792,2724420,217843,3392,5915545,40890,253865,190899,25566,18428,256572,3637445,261633,292154,227339,293963,81095,116771,524752
2,QC2,576268,135706,17676720,327,94487,156035,9339772,9803,8986,1953642,153118,2026,4485508,30973,120461,141088,17233,13463,218727,2719773,155675,231001,181777,201345,45097,95786,345301
2,385470-017,182284,45428,6956409,63513,48004,66362,3755126,1688,1821,928537,65406,2189,2202153,12677,60206,52964,7101,7081,111103,1396848,71097,36755,123109,70184,21665,52726,194275
2,385470-018,123746,33016,6901536,83559,47164,64780,3559784,2579,2028,747830,62625,2164,1791686,27450,53394,57170,6141,6458,114348,1458370,90507,44610,113817,84315,25863,53720,163438
2,385470-019,732393,125720,12768727,73245,171973,154482,5892477,4894,13641,1867215,111762,3605,2935922,85016,118029,87602,10363,9159,217133,1777155,131524,192304,100774,104471,35520,101979,396292
2,385470-020,1401092,70349,13491743,62137,164270,111448,5023235,6323,3074,2085241,161148,2180,2651345,26757,405008,110619,18091,7470,90652,1495031,88987,170301,82064,85305,32702,90004,288269
2,385470-022,108435,44948,7091125,52450,54372,78527,3851661,2234,2842,899077,80776,2231,2263223,21464,53115,58670,6792,6902,104427,1468886,88193,41106,114916,64959,20217,60883,177181
2,385470-023,129680,38652,6695181,11095,67382,63510,3646389,2703,1806,926095,80124,2454,1809657,24267,49495,46545,6360,6775,137215,1213620,67067,40638,110046,58821,18171,60277,166186
2,385470-024,359643,60909,8021932,803,73836,105276,4173489,3934,1708,1063480,92627,2722,2321388,22891,59317,52219,7294,7142,96675,1624550,67226,93614,75247,44128,11318,63246,239591
2,385470-025,178062,55045,9316940,59135,87440,106028,4445358,4737,3578,1388053,91450,2283,2542817,31002,91253,67554,7761,5870,121691,1866932,98488,229210,98775,82194,24182,76674,245901
2,385470-026,282804,87241,10832368,56845,78462,130184,5628749,4556,5750,1468840,108820,7575,2783611,18452,108443,75884,10941,8446,163964,1955640,109849,164431,124300,106177,34042,120957,304163
2,385470-027,216772,78163,10787373,51097,91721,131462,5481844,3649,3430,1357883,127872,2780,3038687,17566,83046,63839,10881,9031,108368,1850032,88290,158592,103485,74409,25807,75649,278804
2,385470-028,158447,52120,7084317,61400,76525,82090,3530697,2350,2917,952613,84614,2257,2228238,12645,67435,49966,7512,6439,98878,1048316,68967,121240,53029,49339,20926,71588,230338
2,385470-029,289965,41718,5235126,23584,42354,58442,2568077,1964,1412,643439,42387,1475,1496010,38885,71818,38402,3978,3884,70167,857301,43516,69038,46810,23628,8425,36701,145694
2,385470-030,133027,47573,7517693,717,49340,79146,3742728,2949,3427,915131,76305,2365,2285653,10366,43418,47764,6699,6892,76274,1558949,69329,40270,95043,46856,17199,54004,166359
2,QC1,605995,149069,21670534,4849,161741,212883,10718142,11126,13491,2370659,183092,3991,5148630,40849,242486,179021,24804,18265,235682,3270278,239914,255201,204188,273860,78246,147025,463701
2,QC2,462376,125140,16818024,4272,99809,168525,8861783,6293,11335,1902861,145876,4171,4385602,29540,136375,161519,21102,16210,238410,2762557,170828,222117,200022,216154,45870,137636,357019
3,QC1,616123,152947,22148308,4395,165624,217106,10903111,11975,14283,2424946,189402,4165,5270268,42656,251847,183663,26031,19201,247880,3388840,256318,266071,214305,282802,83239,143926,487642
3,QC2,635424,158048,20619861,3270,121011,206044,10472768,16502,16443,2283325,179487,5007,5374754,36210,174087,184338,24658,19274,295533,3284587,215720,287380,234352,286676,68806,155666,436872
3,390979-001,47068,15566,2929793,266,17844,31355,1554462,934,780,326456,28378,283,697257,5024,25198,15812,3051,3012,32561,428807,15484,25378,25373,11517,4282,20270,80424
3,390979-002,64739,13515,2661883,647,30738,24468,1254964,906,433,225642,24989,163,354915,3674,23933,13637,2048,1905,21041,363465,14375,65829,15243,9739,3910,20881,79276
3,390979-003,169422,24026,4361854,66,53500,34328,1732802,1572,2378,521898,34680,383,897356,5878,34627,19620,3695,4005,57285,466652,25367,10814,42057,19505,4399,16591,62740
3,390979-004,107920,24141,3467682,728,37419,44691,1840954,1457,2892,427177,30573,265,764448,5664,34439,22021,3038,3657,52470,506200,23434,23224,38287,18027,5140,17375,69914
3,390979-005,75299,22807,3092068,201,38427,44982,1669213,1483,4710,508938,36618,449,846819,4807,80110,26660,4487,3022,37722,442417,24146,8293,37757,20082,6028,17290,45070
3,390979-006,77520,19481,2469781,586,17618,32851,1420959,838,698,301078,21693,160,675151,3619,29275,20114,2391,2236,18812,352444,23938,43137,20954,15509,4349,17000,60968
3,390979-007,95862,25993,3884152,416,38974,39812,1869276,1459,875,420357,33012,282,981139,8494,32053,21395,2839,3999,54297,512432,29646,27866,24231,20743,5641,23059,89202
3,390979-008,103804,24158,3365677,456,37100,36814,1647893,901,1113,368621,26804,455,656675,17059,22025,16175,2786,2761,51041,540597,20805,38515,24347,15898,5362,16510,72317
3,390979-009,109236,31263,3756535,307,30854,44502,1901653,1454,2668,447535,32407,439,707147,10109,19755,21988,2748,2545,45507,601857,31848,25328,45161,21906,4042,22529,81286
3,390979-010,123552,27396,3491576,877,44257,41884,1511452,929,1126,415967,32928,379,752824,15273,33204,18405,5115,3082,51909,457711,22399,25108,32939,11485,2488,16379,65632
3,QC1,548080,134116,20288800,3541,155295,189878,10089271,7680,7102,2007933,156764,3817,4158390,30982,187738,149848,22765,14381,182327,2733217,200983,178239,242955,172126,73741,82917,363369
3,QC2,346650,89561,12354049,406,74935,108774,6267796,2845,5701,1276637,97997,2684,2854640,22543,82439,56172,13354,9237,140260,1758244,37971,125629,76665,125425,22080,61289,213734
3,390979-011,73236,16749,2923066,341,27718,31146,1440487,943,1564,330316,22679,338,547770,8632,29120,18447,2387,2187,28925,419381,23832,26825,22099,14150,3868,13187,76340
3,390979-012,44496,13930,3120224,319,31892,22937,1363161,1237,950,322754,28477,178,621079,4950,13628,15049,2560,2547,46132,509204,19479,15662,25128,16793,6162,15076,62714
3,390979-013,48746,20348,4020136,249,28183,37832,1806284,1239,1286,412022,36786,360,786301,6670,19511,21153,3103,2681,38809,730173,31335,34936,31112,24902,8973,17375,114352
3,390979-014,76502,15210,3026115,261,40262,23794,1459820,1542,913,341277,26031,250,682352,8966,21666,17402,2790,2971,50439,412701,23675,13428,24845,17661,6441,13803,52070
3,390979-015,139223,24677,3948275,425,31938,36338,2027671,1021,869,447541,30177,207,1001274,8039,62512,31785,3764,3700,50228,506074,39867,29808,33614,31386,9951,17084,99770
3,390979-016,158905,33424,5319018,641,39462,50549,2507900,1923,1774,747743,48920,367,1500082,4139,93291,42710,6482,5886,66727,584804,48967,39564,39213,41231,9736,22573,117136
3,390979-017,175065,28924,3573905,1702,31469,41896,1715552,1902,313,275875,29864,399,566102,1886,37977,27657,3402,1718,14931,268975,26871,115716,7067,15931,7625,19238,67717
3,390979-018,311127,35328,5686691,2827,66436,45862,2147232,2329,641,559731,37074,896,699079,9401,61517,30670,11648,3542,40362,537326,35019,137633,28274,25518,11884,39926,125183
3,390979-019,93278,23435,4043833,230,31061,34330,1980842,1128,1289,464726,31687,658,951477,4653,22997,22756,3673,3459,56574,601856,32925,23331,36627,23274,7352,20436,79263
3,390979-020,142124,27667,3940856,891,37615,39427,1686728,1551,980,497959,35070,592,864414,3879,28099,23441,3925,3159,37960,520185,29237,37455,26941,17871,4072,21032,87747
3,390979-021,114206,19485,3234566,790,20665,33093,1518447,690,1075,280336,23477,301,682951,6657,24698,19979,3647,2539,25557,431718,24099,50148,20977,16402,6115,18680,58354
3,QC1,542363,135206,19974502,4270,155796,192083,9963328,7639,7712,1968108,149282,3701,4078264,31592,196329,157341,23734,15676,194699,2750670,212571,185724,260442,179248,78028,87303,374042
3,QC2,402081,105003,14205536,360,85509,129349,7064192,4685,6824,1441159,110298,2601,3202399,22943,100672,73952,16942,11700,164393,1957796,73393,147226,105541,127569,29889,66967,234576
3,390979-022,117881,26208,3688351,266,30077,42124,1663913,1410,2924,457283,30556,582,848277,6231,28839,20406,4304,3188,34120,414999,23992,21943,22588,17201,5377,11231,68859
3,390979-023,38122,14402,2063546,388,23085,26824,1209001,747,880,247072,19426,347,530567,4403,15281,15890,2021,2019,29282,382457,23360,14978,17806,18850,6848,12486,42751
3,390979-024,103773,17187,3041127,339,25391,30535,1382409,652,705,295736,23794,248,555394,4089,14300,16635,1973,1706,20752,516866,26499,73663,21569,21403,8405,17744,78454
3,390979-025,99588,25165,3523567,365,30661,38450,1669443,1711,1072,388430,23569,162,695474,19328,27338,20405,3120,2886,54037,498169,22750,36439,23793,21987,10425,20448,59662
3,390979-026,126461,26309,3503185,314,35077,39412,1499928,1566,1497,411503,24452,369,574614,12520,38401,18975,2493,2368,35202,398162,26648,12972,32092,22120,6267,13678,41402
3,390979-027,105357,19814,3998774,247,41594,32515,1868874,1643,1031,492444,31550,308,717362,12278,31569,25687,3534,3626,66395,542128,34941,13025,48388,32066,9240,17582,49786
3,QC1,541609,135772,19677651,4467,154527,194445,9871009,7582,8729,1946288,147689,3397,4040477,33401,200457,159159,25088,16370,198779,2729418,214122,189494,264885,179696,80289,87953,373915
3,QC2,407737,107465,15489504,2301,96286,139351,8368449,4250,7783,1520307,123159,3332,3332229,25169,108936,81752,18984,13277,192111,2201028,88005,158677,138863,154603,40034,78849,270107
4,QC1,521527,131110,18985732,4593,148256,187704,9502907,8002,8045,1861744,145777,3400,3874832,32495,194133,151635,23666,15821,192088,2631792,210087,177328,257839,175171,76564,85663,363211
4,QC2,404302,107485,14529694,564,87397,138962,7681287,4581,7542,1466261,112218,3264,3260960,24641,107030,82405,19191,12701,182028,2126491,91852,153682,149211,148593,43392,77426,265746
4,399513-001,391795,95479,16146916,10726,156819,187551,7770669,8823,5716,1857062,139031,5377,3930649,14059,276551,138280,33933,16570,180444,1967641,157987,187708,144351,146100,40257,105934,370985
4,399513-002,332643,85644,14474077,4674,108226,146198,7563232,10142,5401,1491090,113950,3679,3314179,18858,181949,119461,23854,20176,206974,2004451,143739,90239,154433,151933,37729,74918,276845
4,399513-003,400496,107719,14971877,5868,133486,152892,7818011,9707,6242,1453006,103777,4626,3505657,40269,104122,124047,29008,16790,247284,2277371,161915,221413,190996,166055,42773,75354,323029
4,399513-004,423973,116324,18763524,473,92453,230537,10986073,8691,13803,1460216,117027,7650,5350450,33138,1703695,269017,19391,19814,138460,2462014,182355,263729,154365,203926,40187,114649,393992
4,399513-005,273695,85309,15060188,1682,138111,173860,8372411,7440,5953,1420668,117158,5196,3377644,36835,205812,150524,18563,16697,166369,2474556,203085,302829,149652,196193,39419,129915,418442
4,399513-006,248314,74615,11113688,3525,69005,145308,6926260,5139,1225,916767,74493,4228,1867799,26435,332902,128292,16519,10437,108842,1477116,140360,644566,65947,132118,29909,153563,310381
4,399513-007,209210,68522,12039892,4340,87604,128825,6870105,5841,2403,1165346,96882,3959,2325651,27347,90120,101210,19956,11388,115815,2217871,112417,290631,133158,84276,19604,69741,328095
4,399513-008,824306,107247,14414119,6860,134758,141638,7305636,9445,7070,1455201,79660,4996,2166652,61522,194120,135748,24776,10618,162173,1624921,129405,182492,115195,115106,20633,86866,376048
4,399513-009,311260,98410,11773415,3445,125916,122386,6206151,6367,3014,1010187,89656,3117,2135101,29626,80312,95179,19165,11847,163603,2229130,119938,84302,136584,133616,34969,65009,261152
4,399513-010,566426,98827,12870318,6841,114059,156031,7391044,7232,4986,1324017,105894,6436,2599199,41717,220048,166535,99001,15816,144677,1771889,158139,175325,196161,162190,56812,97684,400120
4,QC1,530734,134336,19574901,4502,153151,194958,9854934,8146,8139,1926951,146431,3628,3997931,33653,202846,158383,25941,16858,201338,2744768,223633,186386,271064,184379,81536,91622,380043
4,QC2,348763,93546,12316446,456,76570,118175,6315459,3442,6701,1269573,97285,2017,2849831,21848,94262,69889,15561,11144,152339,1782570,77104,130882,119876,118644,35257,62217,216358
4,399513-011,216761,63833,11376654,52,86111,102713,6944679,8263,4241,1066772,83795,3854,2560824,14548,97159,164805,14416,10846,133466,2036619,181103,15650,223655,182228,35053,44128,157086
4,399513-012,378405,96134,14797620,1258,112770,139405,7409775,10748,7180,1719200,119472,4497,2517691,44664,95821,142384,17000,11429,166693,2031792,148261,95505,150686,164410,32813,78555,240488
4,399513-013,395011,63578,11952149,596,70481,101623,6204812,7773,4558,1300189,81485,3717,2458981,27695,80995,111164,20199,10408,147339,1674199,120697,47774,151917,133693,32544,54239,196150
4,399513-014,124079,46535,7566715,412,38077,69533,4600577,4818,2424,721651,55726,3150,1563589,18404,46204,105496,13975,6517,97898,1344474,114832,43745,124639,90342,19700,46087,158820
4,399513-015,321918,71193,10383548,1288,76355,85771,5824165,8604,8634,1087972,64992,3912,2292450,42828,73364,85270,13182,8025,156630,1988877,101144,36332,183228,91240,13470,52210,144568
4,399513-016,668408,123572,13570509,3799,110115,150530,7499704,6578,2927,1288064,91742,4032,2707249,68584,172429,117831,19449,12589,187249,2056847,109446,266588,135316,135713,29976,92120,311891
4,399513-017,396102,91470,11492707,578,85841,127084,5970828,6958,6579,1110503,87682,3815,2457075,22590,45850,94510,15295,7902,105077,1828084,129530,73613,114149,125637,31940,54647,207732
4,399513-018,305568,77717,12469488,2307,121651,124768,6058303,7284,4751,1236594,95731,3348,2469816,40542,83064,96386,14401,11506,180766,1981433,125219,83380,123760,129506,37708,55782,280779
4,399513-019,386679,95801,17459934,472,210201,163222,8149055,12452,8219,1752925,157466,4401,2707122,16361,89152,147940,22349,12181,159235,2572834,233072,155146,145932,195926,51664,69386,479583
4,399513-020,209161,85941,12912458,1171,85236,161310,6873281,5212,7543,1265375,105908,4250,2613858,21829,100944,120365,17554,10078,96104,2119613,186247,166027,126609,190223,46390,61632,403902
4,QC1,728576,185821,25214629,6433,214495,294055,13034999,11440,12084,2598073,209164,8378,5443696,56192,300067,233337,40495,27168,309970,3831233,328327,282274,277761,427397,125134,148754,581822
4,QC2,492860,132065,16072481,878,110438,180974,8428414,6104,9610,1768765,139560,8090,4074612,45078,153739,119029,27329,19218,249065,2647315,108441,217837,229707,165600,38652,110397,353710
4,399513-021,308567,69145,12056483,1530,151366,107684,6065861,7389,5966,1259133,103283,3321,2413580,21660,92047,94295,13797,10733,141812,1761285,140689,61619,119965,137798,36987,58291,244171
4,399513-022,305155,92672,16135910,1059,163217,174000,8391239,10391,8187,1620636,136953,5449,2857948,12006,113850,131162,23803,12761,157679,2148987,190221,165625,147298,181433,47617,67569,419775
4,399513-023,323639,47851,10252705,1274,98967,92273,5267800,5107,2570,787355,64488,3301,1088134,15917,47791,86013,11527,6346,68873,1424963,116222,204256,69293,100241,29720,74859,294041
4,399513-024,260216,78274,8598411,2439,61685,82347,4805242,4787,2254,784636,54471,2250,1596096,21649,58870,74177,10315,6613,102851,1577809,104291,175947,81967,109338,18764,56065,251531
4,399513-025,490015,123273,14612015,8051,153680,181936,7152143,9446,8645,1661579,101048,4525,2389465,58375,142243,100090,17804,8826,150232,1946146,108055,258030,133509,96152,21270,92416,425252
4,QC1,606387,154474,21450908,5791,180955,245943,11098653,9821,9864,2223624,172690,6479,4628431,44934,248473,191051,33467,21875,253221,3240174,276503,237223,226215,352965,105532,121664,482537
4,QC2,444474,118837,15003095,979,100496,165618,7912045,6062,8612,1627657,127076,5914,3703634,30817,133846,104461,23877,16434,223772,2467940,121342,195835,175339,172986,45420,98420,323390
5,QC1,546564,137424,19341569,4692,161251,214958,9834624,8675,8689,1994754,152614,5744,4111514,36587,212987,162755,28075,17879,214724,2859925,226536,203654,193583,297138,86842,101488,415803
5,QC2,449118,121375,14986349,712,101863,162453,7766843,5524,8459,1651661,125528,5915,3766786,28765,130683,99401,21945,15150,213176,2389184,113464,187755,161222,167854,44882,91213,314666
5,402736-001,251426,77388,13540482,1281,123084,100145,6442600,3598,3220,1326547,115724,1612,3036461,12690,121253,84011,11849,9426,100355,1910433,92064,85687,71422,111654,15044,59047,271050
5,402736-002,683038,100286,14281068,1842,66512,126043,8402049,18506,5563,1451499,102787,2873,2132318,27384,149644,123664,13517,9384,131612,1823853,122102,116681,93351,91120,19418,62748,251691
5,402736-003,497462,79130,14968837,2470,52071,133371,8266029,5578,5595,1647385,94188,2936,4284656,26627,383553,151214,22296,13150,105074,2139656,111807,147770,95963,113744,20651,63527,331896
5,402736-004,494447,79832,16330984,2133,158546,89351,6813810,5015,2578,1623193,105219,2386,3583712,64437,145976,84180,11930,11382,194566,2206797,95423,67253,97561,137538,18787,53225,227505
5,402736-005,339638,60314,17171808,858,244009,85090,6891607,6074,2012,1757899,132231,1955,3298064,30663,142165,80213,15525,15752,239934,1592240,85608,94148,89440,72974,27621,65924,252036
5,402736-006,361123,54123,14638567,1021,419426,56951,5279895,5408,1916,1402333,108876,2394,1625172,58460,52650,76855,10876,6702,145271,2158353,91776,104056,96022,123188,23907,46481,224405
5,402736-007,562660,129548,15778983,3917,209493,131001,6569145,6101,8247,1477694,112906,3282,3157079,70933,114935,78281,11743,10310,189663,2200924,79333,123976,85897,137146,22154,57593,261542
5,402736-008,589211,113467,19029844,3305,216636,175335,8791844,9636,3749,2066589,136054,2696,3971571,89802,1230880,210256,22664,16571,198543,1825174,100669,218531,99673,105001,24168,101573,290788
5,402736-009,246319,51078,11515804,2642,71365,90940,5994422,4215,2325,1108463,98414,2607,3364145,19765,133339,91104,14988,9399,92232,1496851,98209,80047,90061,104251,24611,43339,132643
5,402736-010,164890,57880,10266642,2018,56973,97070,5475024,3692,4264,1089182,78394,1949,2651834,11280,61899,91106,8752,7110,106684,1556926,85504,53287,63394,90551,13871,39992,179401
5,QC1,425643,104818,14607886,2808,120338,169107,7291882,6221,6674,1698970,128130,3112,3473923,31304,180566,111517,19633,14076,179233,2417322,157181,166933,158198,185660,61863,90823,369301
5,QC2,134941,37990,4317922,573,28957,48046,2174084,1247,2582,512902,38734,751,1135067,8504,37017,19260,5631,3990,62167,696154,22067,52355,46703,30615,10238,29230,98519
5,402736-011,640208,139525,17158369,5343,158981,151330,8213490,6087,7542,1419466,96866,3190,3459033,34925,109100,104879,12881,10736,191389,2194203,147821,281970,141925,91025,36585,76667,438248
5,402736-012,461096,72165,18341706,829,160633,128941,9199411,7849,1599,1888317,122165,3935,3650242,76570,140501,118935,15086,13975,258487,2907640,146987,50685,156042,171604,36871,51574,256873
5,402736-013,223114,79557,15621828,2545,133704,137116,7496076,6511,2517,1386130,133059,3347,3498766,15251,139642,119065,14553,11624,116225,2446231,168513,255345,156055,135301,40293,68694,337861
5,402736-014,225013,74968,11132168,7010,75248,139763,6414094,4316,1299,913483,80026,3529,2651975,21537,230034,105981,13883,7496,102848,1756917,112502,360882,98680,65970,28286,57676,294327
5,402736-015,397496,121140,18945169,95762,173212,168652,9398646,21016,7147,2397711,162959,3536,4942108,6996,298821,276529,26534,9120,60238,2580209,280464,49905,187243,147232,32131,41848,230981
5,402736-016,480570,136046,19110511,3731,190490,185812,8571920,8230,4204,1940088,153225,4071,5022388,21872,187673,121365,16031,14076,116371,2248679,155116,196085,142417,87281,36856,70526,357020
5,402736-017,421663,109032,13418364,3076,132832,132759,6118887,3828,4614,1252537,86567,2474,2670151,11281,215451,107067,10176,10858,105153,1570793,131421,118112,112397,72547,27798,47384,358821
5,402736-018,473229,80552,11229806,939,83952,101614,6375320,4276,4205,949017,65615,2914,2515914,11815,60246,79800,13041,9430,111292,1509776,107677,119044,119271,119478,26352,51388,191981
5,402736-019,165652,50839,7383207,723,45281,67560,4067793,2814,2770,672395,49020,1584,1175302,6864,18283,57170,10083,5375,50504,966255,69350,134316,66348,59918,17600,51663,181291
5,402736-020,210968,51577,10280736,2311,83601,90667,5682049,7595,951,742354,78970,2647,1209337,8571,93544,90031,9833,6108,60594,1743704,117099,261902,91259,69285,30188,76335,314495
5,QC1,403741,97739,13961134,2794,114626,154942,6908881,5983,5825,1623677,121610,2674,3252656,27984,166705,101465,17489,12553,163413,2264342,151393,155260,141730,171045,55550,83720,338896
5,QC2,140741,38777,4621956,352,29742,50191,2337061,1540,2774,562151,42041,557,1235530,8356,37845,19017,5453,4333,62341,719834,19875,53245,45844,25856,8477,29774,95592
5,402736-021,211098,57914,8209147,70,43637,75290,5002713,3187,3411,697156,51608,2528,1708419,9088,27481,64337,9787,8778,100878,1657580,97963,15143,123334,165619,24608,32391,144059
5,402736-022,325376,64316,14883077,1657,135390,109067,7559716,6932,2786,1254325,116046,3262,2234643,48532,58963,79494,12610,11276,169878,2646479,111019,130008,159010,156928,48338,72937,309121
5,402736-023,338013,72301,11900047,1155,105152,110209,6066724,3851,5610,1052746,78493,2766,2164025,40194,62673,88054,9831,8558,154542,2004986,141891,93733,161403,141631,32857,53165,224679
5,402736-024,160127,64585,13632220,536,72315,124477,7733913,4525,3081,1158774,94129,2826,3076142,6906,72084,123467,16558,13446,122556,2175931,179611,51252,172759,145534,50838,51023,251238
5,402736-025,397123,106260,15337660,3479,147472,144002,7464205,5272,11363,1606162,102957,2721,3434724,18578,105578,107690,15783,13166,221795,1835402,155046,65464,162845,154972,43430,51250,275286
5,402736-026,440480,120793,14017602,285,302243,183099,6729541,4502,13733,1411834,129046,3845,1724087,18522,50839,95344,10362,9730,200131,2511476,150804,66859,148265,190603,39930,64801,308745
5,402736-027,278805,86449,13008899,812,99016,123469,6420019,4484,6900,1253170,89155,2441,3442072,22248,84793,100691,11890,9256,116795,2061212,153377,84261,145603,127433,35175,44071,292527
5,402736-028,344270,106397,13612295,2215,104851,178849,7912481,6189,6855,1307707,108552,2879,3837062,41022,988919,182609,16884,10803,124574,2548129,120797,265598,98362,83558,29018,76456,289558
5,402736-029,597220,120430,11473679,1554,97439,104654,5408694,4637,9813,861174,60909,2544,1745180,25340,45851,77121,9403,9025,122906,1383081,95986,58584,98017,112227,25956,47977,170556
5,402736-030,245962,84055,13568863,2575,110021,144359,7047416,4841,7259,1334284,111433,3463,2925771,7736,57221,90096,11091,9833,116128,1776494,119486,142825,121564,103992,35787,72455,252743
5,402736-031,460325,106519,16280887,2601,163916,135675,8808850,15598,6159,1370263,109719,3410,2683815,15599,75549,113451,13043,11735,139902,2025001,142275,131856,138241,109322,40326,42097,376454
5,402736-032,224427,80676,12849240,121,74501,137754,7309167,5898,8402,1138041,89568,3558,2437636,6459,59378,106396,12867,9546,115602,1674738,128109,92112,138298,110452,39040,46587,305260
5,402736-033,147731,42267,9620187,168,74944,59701,5441800,3147,1944,792225,61217,1269,1661413,5030,35083,81664,10401,8498,81641,1420089,113408,28091,132213,132777,35503,34515,167317
5,402736-034,252403,89237,16752303,1925,179290,127514,7901284,5743,4678,1496045,136406,2019,2829671,14666,61123,110362,13850,11360,148655,2509042,151585,119687,160540,122005,53157,46500,426378
5,402736-035,268503,63304,12747881,5087,72928,131050,7474611,6261,1483,1263160,104629,3375,2734995,38013,129669,94966,17840,14029,189634,1692607,108994,135443,133198,116852,46722,76112,301588
5,402736-036,268714,60251,11811699,992,72286,84692,6758052,6015,3759,1163300,72295,2837,2279752,27464,57649,86114,13133,9455,208350,1927160,130672,33271,148481,220726,32769,47666,178512
5,402736-037,102163,42152,7498601,2093,94940,83997,5296440,3798,716,894685,79463,1753,1720900,13194,42875,95219,16666,8476,96436,1255993,68281,96554,76001,104782,22569,43026,182176
5,402736-038,183838,64715,10410857,1187,77423,104666,5473640,5073,3097,1231851,93695,2073,2377528,17267,151546,100621,13808,8350,115424,1680687,109240,51563,90238,71790,28400,44045,194994
5,402736-039,289310,85507,13337944,1817,104571,114259,7320454,6041,5397,1194797,86886,1966,2633023,36481,42195,92693,11929,9078,149302,2683385,141005,26613,158646,188627,38733,41333,185889
5,QC1,426452,102660,14498836,2987,120993,163360,7210040,5545,6688,1703949,131612,3126,3398928,29290,173557,108510,18750,12923,172194,2364153,154838,163231,154560,178102,59667,87172,355928
5,QC2,163521,45244,5427082,818,35407,59669,2743761,1628,2956,659472,48560,656,1449296,9886,43987,22799,6694,4783,73950,854397,23521,63140,54761,29913,9935,34941,112348
6,QC1,468699,113949,16043134,3459,135380,184082,8086228,6522,7382,1895687,144086,3351,3830133,33855,197644,123963,21260,14622,195524,2683729,177452,187075,174083,206830,68624,99045,408266
6,QC2,201536,55598,6647058,673,43659,72588,3373354,1900,3774,808352,60279,927,1784473,11600,55360,28040,8274,5938,93203,1077344,29134,80864,70584,40304,12579,43144,142634
6,407813-001,430493,68122,14988410,2678,164666,101849,6742953,4101,1525,1279035,132113,464,1915971,14881,109881,297855,12560,7540,91152,2027380,305756,388493,85408,170000,18656,100212,454569
6,407813-002,523416,124386,19735732,5327,186002,157446,9091794,7515,5042,1954806,150065,458,4305088,28311,186817,301742,14982,14314,254216,2396838,325979,266831,106510,211680,23827,86378,423026
6,407813-003,208758,68561,10965341,42,79210,83545,6603090,3665,4462,1100594,80560,12,2368236,15491,63720,195011,24353,8450,103744,2035501,217453,46382,114869,181717,29275,61503,223905
6,407813-004,173470,67740,10497238,412,61425,106166,5913012,2972,8547,1059750,95531,13,2446518,6848,70562,186568,8434,6570,82713,2011195,229515,69447,133184,167939,19118,50681,201347
6,407813-005,529765,118418,21332183,3952,173292,161015,9283909,7356,3751,2034427,161244,965,3253089,26374,106731,182702,16387,12108,159246,2259711,215240,442814,125827,167810,38351,105015,406005
6,407813-006,435738,167877,16085533,1096,74646,258199,9663019,5939,64651,1933785,117350,3074,4377604,25720,77199,145959,12511,11409,120472,2683216,212435,140244,208600,184490,37862,90196,242298
6,407813-007,351458,94080,13917370,1832,74764,119894,7224248,4720,6929,1423478,102827,377,3114019,9487,82658,143565,10079,10066,139860,2143355,191718,103750,131157,152356,25222,56346,258424
6,407813-008,531314,90875,14769757,1874,136408,111628,7254519,5707,3995,1399098,108668,258,2872049,68449,118758,161265,9659,10806,208452,2351344,200971,159660,160297,172914,30813,70448,366671
6,407813-009,176799,73413,15468246,1553,102183,140734,8180803,4858,3562,1553522,132369,335,3749052,13948,63016,163179,11176,9877,128291,2555525,220008,183850,134341,165088,30596,88988,330220
6,407813-010,1536937,185354,37035465,4665,344947,223841,15581009,33334,8607,4142465,299595,1457,6031225,88405,436998,342883,43362,24242,262559,3522031,356766,259192,193470,254310,34408,105056,544329
6,QC1,328782,82571,11269996,2018,87929,128518,5790129,5427,8109,1499061,114360,1518,3014491,23789,141892,98084,14753,10203,145673,1882248,141194,137110,156657,183304,54405,75354,284067
6,QC2,264441,70419,8832599,921,55198,99920,4616773,2927,7015,1282109,96942,3403,2705123,16065,83850,56243,12094,9082,144452,1582516,76780,119747,138304,125653,37896,71057,214793
6,407813-011,388400,115783,18640874,2648,150182,182338,9588737,11181,9192,2007018,188316,2482,4325431,24767,140243,230957,20757,17787,202928,2653259,307285,120142,131583,212095,43389,85963,360516
6,407813-012,1514792,191488,18589085,807,114597,155601,9757712,12380,2587,1603880,132208,6655,4325086,66076,301797,265209,23377,25181,278302,2427193,267869,117783,200772,327025,59371,109898,216492
6,407813-013,437381,123148,19709814,172,130699,205158,11470157,10296,16451,1755748,141508,4645,4460561,26176,142860,221241,16984,17656,243913,3049200,246042,120123,193407,245302,55823,78780,529902
6,407813-014,544742,107221,19552362,126,157574,180033,10064068,11995,6041,2055649,149892,3850,4436391,63956,278205,462043,15152,16290,271968,2602623,498577,181042,180021,357887,50014,114411,386073
6,407813-015,303029,78728,16654842,904,44039,151164,10196696,8636,7998,2471488,77597,2173,5550378,29781,61773,511869,39322,18640,150443,2470151,688750,79528,176465,524555,29006,101610,277140
6,407813-016,560279,149960,15352093,2396,143752,141759,8365651,6470,9452,1458635,122791,4290,2985017,30207,138757,285837,20292,14385,195829,2477907,285100,92414,134471,265262,54813,102000,321078
6,407813-017,379646,102550,19024796,3767,118311,151157,10390293,14880,10722,1813004,148221,3876,4463010,7126,121395,319208,16532,15768,137168,2431950,378981,71956,193004,323889,62641,73104,308102
6,407813-018,301276,65235,12617825,2608,115169,101697,6476632,6865,5871,1258106,95918,2995,2636690,22908,86697,184628,10524,10137,202591,2065605,216114,90763,168566,202915,36875,94287,247030
6,407813-019,386170,71036,19018509,2161,116030,132381,9818623,8336,7024,2179487,155117,2865,4198203,39816,160557,226677,17789,17195,219189,2664961,211667,74188,179377,163902,25824,111041,255225
6,407813-020,282070,83295,13335534,2963,74676,120439,7458774,9918,5262,1242617,112431,2887,3061243,15125,102820,171117,12533,11616,157039,2044533,204696,96864,152984,184006,34241,103650,280573
6,407813-021,415223,119189,16182585,2025,94876,154088,9282666,10680,23136,1716809,104925,3055,3576395,31934,81864,179051,13983,10976,172629,3220131,221986,65588,217846,229630,47040,98331,324264
6,QC1,336524,83995,11789398,1758,88615,136035,6044230,4828,5073,1581880,119939,2251,3113389,25592,149647,100714,14816,10077,150776,1975746,146404,140572,133153,171520,53012,75668,295360
6,QC2,286084,75780,9498885,1364,57863,107789,4916789,2742,5413,1366507,103128,3605,2846335,16927,88298,56418,12590,9016,151804,1672139,77388,124264,117831,120822,38654,71938,227066
6,407813-022,310785,89418,17003184,1297,109875,140320,8861146,12127,7253,1774984,145148,2928,4178999,21691,228412,198690,16319,13690,162968,2333587,218720,86340,206653,210932,47069,117463,297195
6,407813-023,210013,100475,12020671,15015,55859,219808,6112405,7650,3171,792797,94987,5269,2076188,5721,313895,191580,23235,7681,42727,1036040,178644,627525,23215,108863,68542,110210,464717
6,407813-024,258529,76957,13467398,3996,75379,131616,7826571,7059,4622,1214084,104251,3371,3263431,24166,102015,209050,12962,11373,147435,2603646,266772,136641,169629,248089,51430,124709,366107
6,407813-025,431166,133550,19372059,6495,144758,199108,9519393,7379,14450,2144956,192706,3313,4925185,50039,336388,290333,18735,18733,258934,3286660,352934,117453,295826,307784,58639,163448,331205
6,407813-026,446021,135635,18353095,14113,149306,217661,8247549,10660,2773,1547394,145463,3931,3149102,23898,440918,272493,34195,20702,143134,1664830,253477,589047,73691,162706,80784,194745,568450
6,QC1,378698,96578,12932752,2004,100725,151394,6571109,5624,5571,1726175,132239,2524,3409869,29003,170664,111621,16060,11710,171565,2179564,163597,161697,144548,181142,59704,88861,333571
6,QC2,264576,69611,8503929,77278,52718,99427,4366436,3175,5042,1225682,92905,5917,2596429,17108,85971,49055,11374,8511,143872,1542695,60804,120759,107516,83823,29557,89527,212454
