C14:0,C15:0,C16:0,C16:1n-7,C17:0,C18:0,C18:1n-9,C18:1n-7,"C18:2 n-6, LA","C18:3 n-6, GLA","C18:3 n-3, ALA",C20:0,C20:1n-9,C20:2n-6,C20:3 n-6,"C20:4n-6, AA",C22:0,"C20:5n-3, EPA",C22:4n-6 ,C24:0,C24:1n-9,"C22:5n3, DPA","C22:6n3, DHA"
0.008057473,0.001889988,0.419675395,0.002268493,0.003435283,0.253830552,0.047224075,0.003640492,0.108652474,0.000413359,0.00152908,0.007422243,0.000597896,0.000452596,0.005344496,0.090203025,0.009752508,0.001955102,0.00835205,0.009676576,0.001439945,0.002661032,0.010309203
0.007528437,0.001986007,0.436991363,0.003600305,0.003876093,0.233931526,0.05792851,0.003565596,0.113049669,0.000769579,0.005771291,0.005967707,0.000730985,0.000431164,0.004473974,0.072651089,0.008186617,0.007842775,0.004825322,0.008718001,0.001466731,0.002978476,0.010273729
0.011364012,0.003410073,0.40804074,0.002449387,0.004638968,0.237716035,0.04554906,0.002653886,0.133576772,0.000456395,0.01597917,0.004337788,0.000501888,0.000381893,0.003336529,0.087636949,0.006545625,0.002403937,0.006223246,0.007949106,0.001318499,0.001917653,0.008708891
0.012130481,0.003424966,0.464585114,0.005538218,0.004625312,0.213851037,0.046996762,0.004419835,0.11293218,0.001060161,0.004066416,0.005266979,0.000537913,0.000429609,0.007324785,0.064736836,0.008659179,0.007827937,0.003638145,0.009006611,0.001980968,0.003173172,0.011508815
0.010180438,0.00250781,0.424099347,0.003318844,0.004589234,0.254911772,0.047340014,0.004040852,0.091463619,0.000801268,0.002292969,0.00463465,0.000599279,0.000457529,0.007449802,0.093027953,0.008650112,0.003730453,0.007268551,0.008972745,0.00225037,0.002864448,0.012322589
0.009779675,0.003047687,0.445938407,0.003627807,0.00522873,0.242994713,0.048670006,0.004281257,0.089187475,0.000566844,0.002875991,0.005545216,0.000614617,0.000465915,0.00540327,0.076732344,0.009260518,0.009731853,0.004779258,0.009125878,0.002196579,0.003671681,0.013215771
0.011333923,0.002957569,0.436700775,0.003117211,0.005417705,0.232691741,0.035842264,0.003422083,0.12722661,0.000632196,0.011192519,0.00528954,0.000521906,0.000461232,0.004683877,0.067808468,0.008327209,0.009085348,0.003646535,0.009752545,0.002237377,0.003420045,0.012609416
0.006697244,0.002384856,0.440322136,0.003208439,0.004699441,0.234558216,0.042081278,0.004083809,0.093197889,0.000559671,0.009487036,0.004687299,0.001330432,0.000337856,0.004671189,0.094108039,0.007993599,0.010186633,0.003450623,0.00878381,0.003092586,0.002795096,0.014879632
0.023562508,0.002461219,0.44062124,0.005008103,0.004177776,0.196351143,0.088250052,0.006028948,0.114177868,0.000292809,0.005523446,0.00714654,0.001502174,0.000276967,0.002496309,0.055028082,0.007220732,0.009033367,0.003604075,0.00659496,0.001843522,0.00275693,0.013847356
0.021796246,0.003224456,0.436501597,0.003506894,0.004941797,0.237622599,0.042041825,0.004011695,0.109229535,0.002647693,0.004438218,0.004585653,0.000579365,0.000402423,0.009476982,0.069866917,0.006950046,0.009072683,0.004081629,0.00622171,0.001381116,0.002999127,0.01202147
0.007058104,0.002806808,0.438820761,0.002907015,0.005557636,0.253910184,0.042279935,0.004053632,0.086603006,0.000706007,0.006725588,0.005064894,0.000751092,0.00054008,0.006094013,0.08574557,0.008507742,0.009331177,0.003535613,0.009376033,0.002679202,0.003453074,0.011235681
0.007885506,0.002045068,0.455567614,0.004385698,0.003924262,0.238064819,0.044253686,0.004119127,0.077503237,0.001231473,0.005511863,0.004810208,0.000573274,0.000508653,0.007073246,0.092875095,0.009046551,0.005142915,0.006694984,0.010629846,0.002449416,0.003968557,0.010698274
0.011352707,0.002852778,0.432227479,0.004250456,0.004726835,0.270253074,0.055068954,0.004207763,0.088584553,0.000577813,0.004203348,0.005130928,0.000960701,0.000500792,0.005450664,0.068024983,0.006459953,0.003414509,0.007201781,0.007959444,0.001994575,0.002494938,0.010464706
0.009977334,0.002253549,0.468896674,0.005077953,0.00441895,0.237660354,0.04393937,0.004497552,0.06541595,0.000611321,0.005974847,0.004765782,0.000759405,0.000411752,0.004691487,0.076805239,0.007771883,0.012649155,0.005099188,0.010137846,0.002856374,0.005166228,0.01833339
0.006661083,0.002580917,0.439153176,0.003174191,0.005199271,0.2435165,0.046542583,0.004342932,0.098353604,0.00058547,0.005091146,0.004435973,0.000693215,0.000469487,0.005777593,0.073462719,0.008413031,0.007363394,0.006537059,0.011656363,0.003182271,0.004240916,0.016578177
0.00473497,0.001637265,0.42383402,0.002136664,0.003077623,0.233922816,0.059819072,0.003270859,0.131180005,0.001366227,0.001428248,0.00330801,0.000360979,0.000284368,0.006812902,0.090513865,0.005496896,0.001769501,0.009102589,0.004263949,0.000712426,0.00245132,0.008096393
0.00724167,0.002466824,0.434764534,0.002911415,0.004804013,0.247836148,0.052178672,0.004664485,0.111671465,0.00075564,0.002880962,0.003114442,0.000365167,0.000354022,0.005127794,0.079862371,0.004504346,0.005582682,0.005185312,0.004580836,0.001108511,0.002973447,0.014507302
0.018467415,0.004010865,0.455462587,0.003488393,0.004928902,0.226221307,0.059675856,0.004319147,0.108487561,0.000705118,0.003462356,0.003253384,0.000327035,0.000335568,0.006752739,0.069786322,0.004734543,0.001848453,0.006028492,0.00367282,0.00084823,0.002134684,0.010068572
0.00837004,0.002604047,0.433321374,0.002469149,0.004004581,0.229267529,0.057870861,0.003706318,0.131800632,0.001217717,0.002501212,0.003284396,0.000395083,0.000286016,0.008395459,0.080208428,0.005349005,0.00154072,0.006847064,0.004633012,0.001144831,0.002273379,0.007955804
0.01215518,0.002973689,0.418613533,0.003606988,0.004869767,0.246757837,0.052198175,0.004447965,0.099055299,0.000692308,0.005534759,0.003893854,0.00052975,0.000395792,0.0068056,0.088834614,0.005775896,0.011074821,0.006007189,0.004640619,0.001304824,0.003178042,0.016170108
0.011529381,0.00433882,0.429292406,0.006643253,0.006369274,0.231201835,0.062277335,0.004538311,0.077389899,0.001092096,0.00170453,0.002964237,0.000291444,0.000229496,0.007617658,0.116297102,0.004388227,0.001783388,0.010929679,0.005000357,0.001265455,0.002590162,0.009484446
0.006287216,0.002701046,0.42046913,0.002425447,0.005260629,0.235680584,0.057037736,0.005107936,0.11766804,0.000539929,0.010839777,0.003794666,0.000524834,0.000394234,0.00536906,0.081356511,0.004811118,0.007449279,0.00481841,0.004353878,0.001438244,0.003822451,0.017352096
0.011079949,0.002372885,0.473837979,0.004671192,0.004621908,0.220962782,0.050285222,0.004794483,0.076800878,0.000777641,0.006131039,0.0031894,0.000576735,0.000289422,0.003867997,0.078698445,0.004442005,0.01861653,0.00328411,0.003160225,0.001172519,0.004635341,0.021223315
0.013130683,0.002422815,0.466764257,0.005142792,0.003702597,0.221106377,0.056892744,0.004073309,0.093639797,0.001524188,0.002103231,0.002665515,0.000564983,0.000393349,0.007086049,0.083182869,0.00411828,0.004040631,0.005771293,0.003977462,0.00101645,0.002904443,0.013292766
0.017038099,0.003666106,0.439333162,0.003188137,0.004920319,0.215116492,0.0534238,0.004379562,0.124307557,0.001088335,0.004156819,0.002872318,0.000396205,0.000342608,0.006172106,0.091449324,0.003759209,0.003660019,0.003850189,0.00264194,0.000712833,0.003140296,0.009584812
0.008817114,0.003038114,0.43639548,0.003712466,0.00576217,0.225132101,0.051225117,0.004509252,0.11197126,0.000446959,0.011073509,0.003729656,0.000349597,0.000288558,0.004452352,0.082612912,0.0045846,0.011055333,0.002278109,0.00409082,0.001836028,0.004861192,0.015282606
0.008472325,0.002206536,0.459260384,0.002509671,0.004370591,0.234131993,0.047451653,0.003819831,0.102887058,0.000623957,0.001958768,0.003306836,0.000385691,0.000394063,0.00492283,0.078817914,0.005880808,0.008310303,0.004075587,0.005917453,0.002008339,0.00547156,0.012390738
0.012338939,0.003541037,0.445313375,0.004180374,0.005003788,0.212058934,0.061089002,0.004214533,0.125836969,0.000761974,0.00363456,0.003047392,0.000379831,0.000334499,0.006540398,0.076327243,0.00505994,0.002543469,0.004325459,0.005071256,0.001692399,0.003298722,0.009868714
0.011023,0.002747072,0.420664589,0.002902866,0.004013,0.227078167,0.05615003,0.003955204,0.133167552,0.000766625,0.003640722,0.003202807,0.000429392,0.000428213,0.006718567,0.084469536,0.00429932,0.002222633,0.007444585,0.004244118,0.001310121,0.00318842,0.01174811
0.00787082,0.002099984,0.438970482,0.00299986,0.0041203,0.226419134,0.047565537,0.00398327,0.113959717,0.001745954,0.003396091,0.003636298,0.000390613,0.000410745,0.007273102,0.092759283,0.005756696,0.002837387,0.007239328,0.005362814,0.001644995,0.003416824,0.010395423
0.025949862,0.004454473,0.452416684,0.00609327,0.005473554,0.208780011,0.066158441,0.003959919,0.104024461,0.003012248,0.004181953,0.003103882,0.000367168,0.000324525,0.007693384,0.062967482,0.004660112,0.006813645,0.003570601,0.003701587,0.001258548,0.003613269,0.014041275
0.04964038,0.002492458,0.478009396,0.005820051,0.003948585,0.177972076,0.07387962,0.005709435,0.093936541,0.000947985,0.014349352,0.003919216,0.000640964,0.000264663,0.003211795,0.052968619,0.003152781,0.006033733,0.002907522,0.003022344,0.001158639,0.003188826,0.010213316
0.006446927,0.00267236,0.42159859,0.003232645,0.004668766,0.228998208,0.053454102,0.004802504,0.134558562,0.001276118,0.003157939,0.003488195,0.000403809,0.000410342,0.006208631,0.087331737,0.005243488,0.00244395,0.006832282,0.003862095,0.001201975,0.00361974,0.01053416
0.008377153,0.002496892,0.432499369,0.004352807,0.004102626,0.235551658,0.059824417,0.005175919,0.11690133,0.001567604,0.003197296,0.003006714,0.000410868,0.000437675,0.008863874,0.078398149,0.004332441,0.002625142,0.007108835,0.003799727,0.001173806,0.003893823,0.010735366
0.019184861,0.00324916,0.427922908,0.003938711,0.005615864,0.222631086,0.056730429,0.004941133,0.123832413,0.00122109,0.003164226,0.002785589,0.0003891,0.000380986,0.005157052,0.086660202,0.00358609,0.004993782,0.004014006,0.002353987,0.000603762,0.003373788,0.012780784
0.008348564,0.002580828,0.436832295,0.004099715,0.004971193,0.208424249,0.065079975,0.004287699,0.119222065,0.00145357,0.004278463,0.00316731,0.000363888,0.000275239,0.005705573,0.08753262,0.004617713,0.010746717,0.004631128,0.003853731,0.001133787,0.003594925,0.011529266
0.011411899,0.003520414,0.437115179,0.003166172,0.005253293,0.227135156,0.059271642,0.004391192,0.112326191,0.000744603,0.004375983,0.003062118,0.000441513,0.000340804,0.006616384,0.078915334,0.00443269,0.006635228,0.005015853,0.004284512,0.001373706,0.004880937,0.012273815
0.008913131,0.003213862,0.443550038,0.00377133,0.005405386,0.225399839,0.055832796,0.005257773,0.124943286,0.000722283,0.00341464,0.002624898,0.000447382,0.000371325,0.004455841,0.076068717,0.00363028,0.006520917,0.004255034,0.003059533,0.001061122,0.003110507,0.011463734
0.009765466,0.003212303,0.436624211,0.004716418,0.005059443,0.217605684,0.058711927,0.00521496,0.137331925,0.000779341,0.004156205,0.003079519,0.00046301,0.000396866,0.006094088,0.064610315,0.004250592,0.007472351,0.003268307,0.003040888,0.001289729,0.004412154,0.014196338
0.024358238,0.003504484,0.439771396,0.003557897,0.004909324,0.215728633,0.054051424,0.003560682,0.125670816,0.00326649,0.006032989,0.003225918,0.000334155,0.000326265,0.005894293,0.072016691,0.003655512,0.005799494,0.003932203,0.001984873,0.000707728,0.003082997,0.012238861
0.007781393,0.0027828,0.439747523,0.002886158,0.004629631,0.218930905,0.053530609,0.004463464,0.133699269,0.000606373,0.002539716,0.002793938,0.000391848,0.000403161,0.004461645,0.091190747,0.004055387,0.00235561,0.005559513,0.002740858,0.001006065,0.003158983,0.009731145
0.00741615,0.002452715,0.461629412,0.002811561,0.004940342,0.24492707,0.051437692,0.004471318,0.109862424,0.000791636,0.003970231,0.002491349,0.000480788,0.000474524,0.005130363,0.067564486,0.002439724,0.003998693,0.003997936,0.001814588,0.000674638,0.003193842,0.012671892
0.012221976,0.002551533,0.502530688,0.00580304,0.00461919,0.236921661,0.042598334,0.004717573,0.067003575,0.000693629,0.004518212,0.00257442,0.000386616,0.000359678,0.003972327,0.068617799,0.002713729,0.012427671,0.002877598,0.001838537,0.000738179,0.003942077,0.014966337
0.019683092,0.002791281,0.506750324,0.006215557,0.003988169,0.201312999,0.060632901,0.004029031,0.104252767,0.000682841,0.004022837,0.002279428,0.000429335,0.00046532,0.006655185,0.054214623,0.002947126,0.001256348,0.004886106,0.002266085,0.000511044,0.001927454,0.007289044
0.014250135,0.00318772,0.457886243,0.004940893,0.005901203,0.24308678,0.056406107,0.004037037,0.100940723,0.000747899,0.004547474,0.002907754,0.000401117,0.000482935,0.006928392,0.066840586,0.003094346,0.003066573,0.00505561,0.002380419,0.000678695,0.002294281,0.009231687
0.0106056,0.003212289,0.435508313,0.005412349,0.006335559,0.235103477,0.07168233,0.00515753,0.119271884,0.000677081,0.011283246,0.003755024,0.000632027,0.000425616,0.005313008,0.062313058,0.003400954,0.001168093,0.005317943,0.002828552,0.00084901,0.002435205,0.006348008
0.013712707,0.003446009,0.436885177,0.003116486,0.005811096,0.251356724,0.053258358,0.003837301,0.119428973,0.000640137,0.005178591,0.003557978,0.000422905,0.000395528,0.003327647,0.062344592,0.004234389,0.007630581,0.003706613,0.002743437,0.000769364,0.003007089,0.010784739
0.011623106,0.00315157,0.470948594,0.004725592,0.004827198,0.226647417,0.050967793,0.00400263,0.118961894,0.001029895,0.003886383,0.002594145,0.000344284,0.000484858,0.006583442,0.062131695,0.003594556,0.003378772,0.00293798,0.002515041,0.000683989,0.002795831,0.010815646
0.014586053,0.003394599,0.472928618,0.005213111,0.005172917,0.231554004,0.05179681,0.003766311,0.092272791,0.002397029,0.003094849,0.002272814,0.000391531,0.00038797,0.007172092,0.075962021,0.002923445,0.005411969,0.003421054,0.00223396,0.000753461,0.00231987,0.01016161
0.013650048,0.003906642,0.469413695,0.003855547,0.005560892,0.237629077,0.055923646,0.004049558,0.088364579,0.001263153,0.002468539,0.002747653,0.000343344,0.00031808,0.005686573,0.075207586,0.003979726,0.003164905,0.005643338,0.002737408,0.000505048,0.002815186,0.010157414
0.017145082,0.003801737,0.484518654,0.006141463,0.005812175,0.209741043,0.0577229,0.004569314,0.10446786,0.002119454,0.004607599,0.002554041,0.000709845,0.000427678,0.007203269,0.06351557,0.003108276,0.003484175,0.004570858,0.001593803,0.000345186,0.002272923,0.009107602
0.011994688,0.002743121,0.478741357,0.004539685,0.005101175,0.235923749,0.054099303,0.003714429,0.089713977,0.001413686,0.00476936,0.003021224,0.000390884,0.000358171,0.004737311,0.068686421,0.003903238,0.004393366,0.003619447,0.002317431,0.000633482,0.002159693,0.012502939
0.007033028,0.002201781,0.493182216,0.005040809,0.003625396,0.215461123,0.051014415,0.004501073,0.098167742,0.000782342,0.002154024,0.002378657,0.000404559,0.000402538,0.007291634,0.080484681,0.003078888,0.00247556,0.003971787,0.002654247,0.000973891,0.002382839,0.009912498
0.00588379,0.002456105,0.485238963,0.003401772,0.004566348,0.218022257,0.049731985,0.004440105,0.094908192,0.000805071,0.002355064,0.002553198,0.000374541,0.000323586,0.004684347,0.08813339,0.003782155,0.004216846,0.003755283,0.003005777,0.001083089,0.00209717,0.01380257
0.012022527,0.002390333,0.475566197,0.006327408,0.003739296,0.229416559,0.053633035,0.00409089,0.107234297,0.001409032,0.003404937,0.002734775,0.000438511,0.00046684,0.007926634,0.064857564,0.003720591,0.002110244,0.003904451,0.002775492,0.00101219,0.002169152,0.008182977
0.016156327,0.002863698,0.458184417,0.00370634,0.004216917,0.235304518,0.051935612,0.003501948,0.116194558,0.000932941,0.00725437,0.00368851,0.000436772,0.00042942,0.005828809,0.058728266,0.004626479,0.003459112,0.003900754,0.003642269,0.001154814,0.00198251,0.011578032
0.013778127,0.002898102,0.461193031,0.003421586,0.004382963,0.217451088,0.064834151,0.004241668,0.13006678,0.000358901,0.008088893,0.003703209,0.000562053,0.000510377,0.005785626,0.05070627,0.004245773,0.003430442,0.003400058,0.003575031,0.000844185,0.001957205,0.010156477
0.024797885,0.004097104,0.506241884,0.004457611,0.00593455,0.243007178,0.039077494,0.0042302,0.080188042,0.000267111,0.005379444,0.003917572,0.000481823,0.000243366,0.002114931,0.038100251,0.003806282,0.016391056,0.001001044,0.002256572,0.001080031,0.002725124,0.009592034
0.029095909,0.003303806,0.53180656,0.006212987,0.004288905,0.200804305,0.052344764,0.003467032,0.065376314,0.000879186,0.005752897,0.002868166,0.001089339,0.000331283,0.003774578,0.050249537,0.003274917,0.012871091,0.002644083,0.002386425,0.001111407,0.003733766,0.011706839
0.010849819,0.002725943,0.470369062,0.003612888,0.003993175,0.230406821,0.054055831,0.003685738,0.110673518,0.000541274,0.002674924,0.002646912,0.00042723,0.000402342,0.006580533,0.07000641,0.003829765,0.002713853,0.00426033,0.00270719,0.00085517,0.002377051,0.009219727
0.017501036,0.00340687,0.485274927,0.004631872,0.004855039,0.207702731,0.061318346,0.004318489,0.106443496,0.000477694,0.003460088,0.002886478,0.000483376,0.000388938,0.004674341,0.064055286,0.003600219,0.004612135,0.00331749,0.002200643,0.000501441,0.002589837,0.010805074
0.01720065,0.002934664,0.487158871,0.00311235,0.004984202,0.228693694,0.042221495,0.00353588,0.102859464,0.001002581,0.003719739,0.003009036,0.000549335,0.000382353,0.003849159,0.065021188,0.003629508,0.007552853,0.003159292,0.002470327,0.00092093,0.002813455,0.008788735
0.015524743,0.003451548,0.48574849,0.003961051,0.005547598,0.219133996,0.060223313,0.004024167,0.111716433,0.000820635,0.003798024,0.002687401,0.000566806,0.000419839,0.004493492,0.05465458,0.003159635,0.002889888,0.002974796,0.002265337,0.000708116,0.001479115,0.009068602
0.008004078,0.003023805,0.433259644,0.004846998,0.005631958,0.253840376,0.051874945,0.004078671,0.111397273,0.000924356,0.003208484,0.003336344,0.000424254,0.000423852,0.006147928,0.080300328,0.004904558,0.0031448,0.00373844,0.003957813,0.001437751,0.002621445,0.008975995
0.016468449,0.002727482,0.482615304,0.004029382,0.004845821,0.219383127,0.04693211,0.003775971,0.088138921,0.000648934,0.002269404,0.002639862,0.000313072,0.000270697,0.003293336,0.082024726,0.00420535,0.011689998,0.00342296,0.003396601,0.001333893,0.00281585,0.012450396
0.013607749,0.003438555,0.4814639,0.00418957,0.005253879,0.228114445,0.053075446,0.003220478,0.095030346,0.002640935,0.003735443,0.002788216,0.000426357,0.000394357,0.007383735,0.068070308,0.00310861,0.004979058,0.003251146,0.003004387,0.00142443,0.002794041,0.008152319
0.018306509,0.003808525,0.507121024,0.005077754,0.005705301,0.21712953,0.059569149,0.003539629,0.083181167,0.001812424,0.005558865,0.002746825,0.00036083,0.000342855,0.005095794,0.057637874,0.003857614,0.001877806,0.004645694,0.003202072,0.000907149,0.001979989,0.005993305
0.012845713,0.002415816,0.487550744,0.005071377,0.003964349,0.227862573,0.060041201,0.003846774,0.087464416,0.00149697,0.003849107,0.003131905,0.000430859,0.000442128,0.008095184,0.06609897,0.004260234,0.001588131,0.005899718,0.00390962,0.001126626,0.002143704,0.006070109
0.011360532,0.002768518,0.468197364,0.004547128,0.00543824,0.225318974,0.053847524,0.004031354,0.113973442,0.000407645,0.008018908,0.004009579,0.000983938,0.000480479,0.00523217,0.057053876,0.004581012,0.005442808,0.004185625,0.004236342,0.001167286,0.003071664,0.010757103
0.010675764,0.002748636,0.464527688,0.003473389,0.004692036,0.242732621,0.047854707,0.003657088,0.106364501,0.000605239,0.005839432,0.00383395,0.00076557,0.000647521,0.006642582,0.064330395,0.004613127,0.002896113,0.004956345,0.004876087,0.001210873,0.002404408,0.008885007
0.012249906,0.003294797,0.457942514,0.004082927,0.00467648,0.239128318,0.044442886,0.003174215,0.107227006,0.001231689,0.003184775,0.003794195,0.00088727,0.000513568,0.007563642,0.069657616,0.004952468,0.006772312,0.005841961,0.0050791,0.001308298,0.002304835,0.009880433
0.009730873,0.002669822,0.430653105,0.002121952,0.005291188,0.252148071,0.033514316,0.002685951,0.122801455,0.000760563,0.039102546,0.006174365,0.000445065,0.000454761,0.003177879,0.056507178,0.004185347,0.006053008,0.003542927,0.004680433,0.000922352,0.002631371,0.009042753
0.008158272,0.002542867,0.448911907,0.004116798,0.005182391,0.249563614,0.042347071,0.003492238,0.100680327,0.001097987,0.006134809,0.004486784,0.000553318,0.000497705,0.004959096,0.073761206,0.006053516,0.009026673,0.004460793,0.005848081,0.001174981,0.003872479,0.012472857
0.009921528,0.002981298,0.444054648,0.002757132,0.005805859,0.276743236,0.03663001,0.002976429,0.074629131,0.001056217,0.013301333,0.00512598,0.000660042,0.000417007,0.004348853,0.059019127,0.005608157,0.025754056,0.002634946,0.005278848,0.001195021,0.006135695,0.01240146
0.007856097,0.002573083,0.452114075,0.003289652,0.004837542,0.257981648,0.043760299,0.003638043,0.087331307,0.001026925,0.003384129,0.003800558,0.000749359,0.000427652,0.004348996,0.083284026,0.004221427,0.01091357,0.005000259,0.00316467,0.000736145,0.002618875,0.012320424
0.027571342,0.003587181,0.482122541,0.004507366,0.004737491,0.244358429,0.048673481,0.002664448,0.072470045,0.002057798,0.006492902,0.004540486,0.000828721,0.000355153,0.005424344,0.054350256,0.004328322,0.006103993,0.003853032,0.003850051,0.000690142,0.002905482,0.012578038
0.012277103,0.00388163,0.464382181,0.004966552,0.004827319,0.244790979,0.039845092,0.003536319,0.084215396,0.001168561,0.003167764,0.003754174,0.000755927,0.000467266,0.00645305,0.087924195,0.004730756,0.003325165,0.005387332,0.005270248,0.001379298,0.002564149,0.010300693
0.019560638,0.003412848,0.4444566,0.003938847,0.005388288,0.255238316,0.045722876,0.003656878,0.089759334,0.001440644,0.007599023,0.005751015,0.003418842,0.000546166,0.004996201,0.06118945,0.005461101,0.006054571,0.006774107,0.005600983,0.001961898,0.003373367,0.013817541
0.008392044,0.002471349,0.440455136,0.003333833,0.003976602,0.268868101,0.041300824,0.003244182,0.099144088,0.000563248,0.003761572,0.006380544,0.000558129,0.000419913,0.005167243,0.078849132,0.007011519,0.000605914,0.008658962,0.007055095,0.001357088,0.001708463,0.0060817
0.012311999,0.003127859,0.481463656,0.003669154,0.004535749,0.241088594,0.055936847,0.003887192,0.08191701,0.001453218,0.003117681,0.004632691,0.000553128,0.000371875,0.005423603,0.066107537,0.004823907,0.003107413,0.004902805,0.005349327,0.001067617,0.002555897,0.007824663
0.015518628,0.002497776,0.469559349,0.002768943,0.003992427,0.243766017,0.051080013,0.003201283,0.096605019,0.001088055,0.003182022,0.004367265,0.00079356,0.00040889,0.005788459,0.065773613,0.004741775,0.001876859,0.005968316,0.005252363,0.001278556,0.002130847,0.007706064
0.00728661,0.002732795,0.444358015,0.002236065,0.004083333,0.270170485,0.042379203,0.003272515,0.091822327,0.001080808,0.002713365,0.006195304,0.000820714,0.000382735,0.005749072,0.078954718,0.006743526,0.002568967,0.007319497,0.005305373,0.00115686,0.002706484,0.009326768
0.013863144,0.003065884,0.447158729,0.003288148,0.003693667,0.250812745,0.046852584,0.002798815,0.098722419,0.001844359,0.00315934,0.003672069,0.000567652,0.000345602,0.006745145,0.085649314,0.004355676,0.00156459,0.007890546,0.003929168,0.000580075,0.00224838,0.006225686
0.022322497,0.004126877,0.453207523,0.003677451,0.005027188,0.250463868,0.043016831,0.003063856,0.090412654,0.002290465,0.005758518,0.003935133,0.000649521,0.000420419,0.006253447,0.068691504,0.003655129,0.00890311,0.004519072,0.004532352,0.00100109,0.003076479,0.010416064
0.01604057,0.003704166,0.465409064,0.003476211,0.005146386,0.241794863,0.044970973,0.003550755,0.099501803,0.000914791,0.001856759,0.003827267,0.000619402,0.000319987,0.004255204,0.074030137,0.005245444,0.00298103,0.004622588,0.005087792,0.001293426,0.002212992,0.008412335
0.011653303,0.002963843,0.475543387,0.004639355,0.004758231,0.231042845,0.047159434,0.003650832,0.094190285,0.001546137,0.003167773,0.003675827,0.000549217,0.000438818,0.006893789,0.075565037,0.004775423,0.003179817,0.00471977,0.004938926,0.001438043,0.002127346,0.01070793
0.010905061,0.002701774,0.492401867,0.005928057,0.004603148,0.229818151,0.049435679,0.004440824,0.07634575,0.0004614,0.002514248,0.004172164,0.000630286,0.000343513,0.004490726,0.0725586,0.006573058,0.004375391,0.004115545,0.005525463,0.001457011,0.001956802,0.013525103
0.007470501,0.00306953,0.461188483,0.003044335,0.005761427,0.245489922,0.045194825,0.003782677,0.093357981,0.000779641,0.003605378,0.00429904,0.000626967,0.000359943,0.003432495,0.075705285,0.006652115,0.005929923,0.004522036,0.006794122,0.001656899,0.00220128,0.014426004
0.012106134,0.002712804,0.473017324,0.005938599,0.00422482,0.237984616,0.049400124,0.004052165,0.094693043,0.000849813,0.003611324,0.003699512,0.000541322,0.000421111,0.00556379,0.06910126,0.005519732,0.002417532,0.004706655,0.0054063,0.001451123,0.002286937,0.009579666
0.009048963,0.00274808,0.478489436,0.004839982,0.005159739,0.248831292,0.048057858,0.004061169,0.084748727,0.00035603,0.003376087,0.003889447,0.00070584,0.000378415,0.004675777,0.063725429,0.005640752,0.004911386,0.004367923,0.005380167,0.001412032,0.002003681,0.012447882
0.015721679,0.002324519,0.498054112,0.004807579,0.004482402,0.255898246,0.038247971,0.003132697,0.052859181,0.000773228,0.00232159,0.004178305,0.00055994,0.000308286,0.003345685,0.069221602,0.005645819,0.009922314,0.003366114,0.004869473,0.001443756,0.003636493,0.014283852
0.013707611,0.004123335,0.452946154,0.003249422,0.004337844,0.253130041,0.04133297,0.002869439,0.084078983,0.00114044,0.003101127,0.003907504,0.000543367,0.000348368,0.005417983,0.083115644,0.005493854,0.009268538,0.004317823,0.005759686,0.000988433,0.002953404,0.013250138
0.016090229,0.004047815,0.47980259,0.005046265,0.005974089,0.234848988,0.054559884,0.003318032,0.078460873,0.001916813,0.0046707,0.003286586,0.000584611,0.0002898,0.004933056,0.063903966,0.003548118,0.008472718,0.004383923,0.003157275,0.000698413,0.003034602,0.013963643
0.008986072,0.002765863,0.483942064,0.004399058,0.00357922,0.230261033,0.047411304,0.00413601,0.108524288,0.000453559,0.00433362,0.003002576,0.000423498,0.000336872,0.003586742,0.068279623,0.003290398,0.00306248,0.002552643,0.003990544,0.000537684,0.002110368,0.009687427
0.022460544,0.003297739,0.469608943,0.00218714,0.004144717,0.276287292,0.047730099,0.003379967,0.07011769,0.000900466,0.004920796,0.004066481,0.000444478,0.000308563,0.004327852,0.059974339,0.004015125,0.003836874,0.003069697,0.002996341,0.000638526,0.002063377,0.008276426
0.014732352,0.002343446,0.443302564,0.001542094,0.003949772,0.244798716,0.048787366,0.002789387,0.126890216,0.000788552,0.011358928,0.004478209,0.000660293,0.000389448,0.003111773,0.063365974,0.003311173,0.004376218,0.002841933,0.003368526,0.000611587,0.001881364,0.00982912
0.015117119,0.002440765,0.49929987,0.004847352,0.002731803,0.20832391,0.049627141,0.00321693,0.109567607,0.001970091,0.004463027,0.002573708,0.000364754,0.000347993,0.005948625,0.067470111,0.002917448,0.002056177,0.002982798,0.00420506,0.00057439,0.001627302,0.006955695
0.010356151,0.001839073,0.52359777,0.007440259,0.002594526,0.210136873,0.05360134,0.004031949,0.100563619,0.000934967,0.004334847,0.002445819,0.000473397,0.000480301,0.007316007,0.048550121,0.002610345,0.002870718,0.002727167,0.002225096,0.000842198,0.002010138,0.007684994
0.013288207,0.001991544,0.538653818,0.015433569,0.002095629,0.194283747,0.051601483,0.004006309,0.059801295,0.002151135,0.00193737,0.002828019,0.000400189,0.000246624,0.005345529,0.079420684,0.003377058,0.003828947,0.003533312,0.004532929,0.000879694,0.001710345,0.008257424
0.01780879,0.004100345,0.499422066,0.006630694,0.004146322,0.207920618,0.046770636,0.003573601,0.099925007,0.002245101,0.003637805,0.002477689,0.000371664,0.000326324,0.006003049,0.06966164,0.002510978,0.003923972,0.002718725,0.004340826,0.000701184,0.001822895,0.008278075
0.014862467,0.00286212,0.480015524,0.005464493,0.004422707,0.221768577,0.052128385,0.00343187,0.100180315,0.002265185,0.031048144,0.005303561,0.000571672,0.00041798,0.005008117,0.046038838,0.002539303,0.00551231,0.00251418,0.002648586,0.000609611,0.002562116,0.007334928
0.009859219,0.002044449,0.460934889,0.002856485,0.003639993,0.239934464,0.044367668,0.003939167,0.134654254,0.000791123,0.005337046,0.00364657,0.000599921,0.000376222,0.003691694,0.059913403,0.003930947,0.003203975,0.003604811,0.004172781,0.000985096,0.001734709,0.005309221
0.007387708,0.00259325,0.459983861,0.002552613,0.004349114,0.245301514,0.048799427,0.00351236,0.11881206,0.000505372,0.002773315,0.004081889,0.000392141,0.000318564,0.004779823,0.069756074,0.003830889,0.002387466,0.002840305,0.004057014,0.000621472,0.001791773,0.00803782
0.018119887,0.003948995,0.485635518,0.004499657,0.004283112,0.23246745,0.04017533,0.002741624,0.097901448,0.000988474,0.003087885,0.002968411,0.00036457,0.000303865,0.005416907,0.062102822,0.0041838,0.007980634,0.00401691,0.002576281,0.001035462,0.002169929,0.012403781
0.011994988,0.001877294,0.477142638,0.004178722,0.003354276,0.239314215,0.04912284,0.003178008,0.094957703,0.001991908,0.003654998,0.003093991,0.000392437,0.000363537,0.006724314,0.075639587,0.003823737,0.001318535,0.004059296,0.004464125,0.000959164,0.001341654,0.006682309
0.006812867,0.002429294,0.477018094,0.004082684,0.004186892,0.228895338,0.042325978,0.004063012,0.106836053,0.000465708,0.004264017,0.003635705,0.000444384,0.000354937,0.003548963,0.074696525,0.005145598,0.007797038,0.004765183,0.004131476,0.001230347,0.002097601,0.010316694
0.009007748,0.003001129,0.44564483,0.003012347,0.005595027,0.256770087,0.036568704,0.003203613,0.106164328,0.00086219,0.00920877,0.004242644,0.000555772,0.000300066,0.004117217,0.070333179,0.004503684,0.014446896,0.003950356,0.002640924,0.00113235,0.002308897,0.011782551
0.009680195,0.002950118,0.461370549,0.004218217,0.00410718,0.228884664,0.058391313,0.003968532,0.120354851,0.000170371,0.00727718,0.00673429,0.00064617,0.000222091,0.001466964,0.062835676,0.006830114,0.001215339,0.004559915,0.003585543,0.000782475,0.001019133,0.005625068
0.012140917,0.00343702,0.482800126,0.004812466,0.004694271,0.216557468,0.049013585,0.003871008,0.126883563,0.00055256,0.004741305,0.003066127,0.000405002,0.000355603,0.002939949,0.056809696,0.003918799,0.004953808,0.00359796,0.00220504,0.000931127,0.001781747,0.009019598
0.015470437,0.004000291,0.492307868,0.004873478,0.004870804,0.224496526,0.045954467,0.003176081,0.097965487,0.000413872,0.007904691,0.003928193,0.000373365,0.000398384,0.003857953,0.057630994,0.004821728,0.004333415,0.004123741,0.002661703,0.001019888,0.001738465,0.01316483
0.019380379,0.0032989,0.459899738,0.003438146,0.004161429,0.26109158,0.03886554,0.002687182,0.103035443,0.000483871,0.002467282,0.003268099,0.000534065,0.000386198,0.004557781,0.061830603,0.004409765,0.004875268,0.004884558,0.004893036,0.001079214,0.002104535,0.007862283
0.010770658,0.003305521,0.480053743,0.00294416,0.004392732,0.264486567,0.04371889,0.00318726,0.076417785,0.000446297,0.001188784,0.003717157,0.000655599,0.000349461,0.00328375,0.062825604,0.004509103,0.008733205,0.004313894,0.003895857,0.001144356,0.003359108,0.011787461
0.009850611,0.002408272,0.480033392,0.003903558,0.004233473,0.265309151,0.034662361,0.003687322,0.056466986,0.000400202,0.004367803,0.004203756,0.000459138,0.000285207,0.002829264,0.081417904,0.005467624,0.012228863,0.004261117,0.003235112,0.001409552,0.003564274,0.014684538
0.011381653,0.003122497,0.442607832,0.002352763,0.004059388,0.26972839,0.037588179,0.00278251,0.092111868,0.000489988,0.001481659,0.003468811,0.00052766,0.000473298,0.005438993,0.089370811,0.005281818,0.000816458,0.006649707,0.00892956,0.001326763,0.00174641,0.00776715
0.010594715,0.002094227,0.484614222,0.004408491,0.003551361,0.246155138,0.04084261,0.003778623,0.072763158,0.001580286,0.001919926,0.002588446,0.000410594,0.000367151,0.005531454,0.086173133,0.003614944,0.004233254,0.005177578,0.005109784,0.00157397,0.002374917,0.01006542
0.013456325,0.002878325,0.473741405,0.004186091,0.004387412,0.241516565,0.041909867,0.003124801,0.086149935,0.001600114,0.002494995,0.003505421,0.000391374,0.000340678,0.006152311,0.079818583,0.005648691,0.003731523,0.006425443,0.005638345,0.001308045,0.002116505,0.008944491
0.005416854,0.002184823,0.461157869,0.002446323,0.004210865,0.261626866,0.039199599,0.003184259,0.10406133,0.000233606,0.002438479,0.004176719,0.00056014,0.000454865,0.004145891,0.073608538,0.006075987,0.001733789,0.005844173,0.004923194,0.001719774,0.001726019,0.008498999
0.012414087,0.00332171,0.479456454,0.00460998,0.004501506,0.233331633,0.050208757,0.003218447,0.107369738,0.000580752,0.003300363,0.003366409,0.000493366,0.00041158,0.006933319,0.057374808,0.004846748,0.002046412,0.00509054,0.004844445,0.001357626,0.001602077,0.008605455
0.015216516,0.004172842,0.484242155,0.010441083,0.006325213,0.232473957,0.048772212,0.004457943,0.059559096,0.00063984,0.001756248,0.003293699,0.000357954,0.00033614,0.006913579,0.086759679,0.005209571,0.002309668,0.005121854,0.006584445,0.001379397,0.002238571,0.010665697
0.009920118,0.003075915,0.462867441,0.003523074,0.004393138,0.228429606,0.044588829,0.003172213,0.122471776,0.0007916,0.00301701,0.003582653,0.000423062,0.000329339,0.004155645,0.073339618,0.005457276,0.002998069,0.005180664,0.004534173,0.001251572,0.001568089,0.01040834
0.010623361,0.003283147,0.420043219,0.003235442,0.005518866,0.244160454,0.040352746,0.003349665,0.118402661,0.001265838,0.030515689,0.005634894,0.000521001,0.000333353,0.00384405,0.078629245,0.003727525,0.008195716,0.003035231,0.002578414,0.000895432,0.002359255,0.008935081
0.026228427,0.00528898,0.503895547,0.004279267,0.004596144,0.237536429,0.037820606,0.002674978,0.076643987,0.001112879,0.002013683,0.003386984,0.000412948,0.000396342,0.005397708,0.060741498,0.004215446,0.002572866,0.00430468,0.004928732,0.001139911,0.002107022,0.007490395
0.008627888,0.002948496,0.475970987,0.003859349,0.005063834,0.247210499,0.04680425,0.003908866,0.102630723,0.000271359,0.002007203,0.003160395,0.00038905,0.000344934,0.004073561,0.062316179,0.004191362,0.005010025,0.004264239,0.003647849,0.001255346,0.002541596,0.008865776
0.013731783,0.003177523,0.48566917,0.004889705,0.00404726,0.262773578,0.040875801,0.003272999,0.080059899,0.00046534,0.00225368,0.003384316,0.000389075,0.000350051,0.004173367,0.060407064,0.004244148,0.003933333,0.00412382,0.003261142,0.001202951,0.001255765,0.011229865
0.008249831,0.0029656,0.472331976,0.002738607,0.005063759,0.268681513,0.041833857,0.003292478,0.089606337,0.000237425,0.002182706,0.003911071,0.000472987,0.000350889,0.004249462,0.061562569,0.004709233,0.003386008,0.005083769,0.004060157,0.0014351,0.001712506,0.011221224
0.007315517,0.002093041,0.476382683,0.003711137,0.002956337,0.269472825,0.03923022,0.003031406,0.082271626,0.000249063,0.001737294,0.004043914,0.000515036,0.000420824,0.004042783,0.07032147,0.005615875,0.001391045,0.006547072,0.006575012,0.001758055,0.001709137,0.00828536
0.007483602,0.002645815,0.496696736,0.005315866,0.003780708,0.234268796,0.044356915,0.004044354,0.08389823,0.000434835,0.00181225,0.00327218,0.000410635,0.000336821,0.004407553,0.07439174,0.004494422,0.003548659,0.004759933,0.003617385,0.001576091,0.001378687,0.012641878
0.009598688,0.002263028,0.455721992,0.002607102,0.004684891,0.267208673,0.045156514,0.003740363,0.097772915,0.001358928,0.004635513,0.003394933,0.000637758,0.000501532,0.006779195,0.060508728,0.003896413,0.004841939,0.004761673,0.004177319,0.00167025,0.002720931,0.010781424
0.010453318,0.002343832,0.459490768,0.002812034,0.003294633,0.26289722,0.045253908,0.002812353,0.088685393,0.001068375,0.002242613,0.003349937,0.000510882,0.000367798,0.008105101,0.074969095,0.005083307,0.001294272,0.00577609,0.008586548,0.001274761,0.001854268,0.00694434
0.00569344,0.002349091,0.417890264,0.005290918,0.004681062,0.29516582,0.049859987,0.004428384,0.095904192,0.000735274,0.002389392,0.005306472,0.000928778,0.000472343,0.005374288,0.069995349,0.003805249,0.005380885,0.004235483,0.005839388,0.001257777,0.002397793,0.010152498
0.008095865,0.002849917,0.458474261,0.003409573,0.004609274,0.241048669,0.054248357,0.004126167,0.104701811,0.000760399,0.006673815,0.004431139,0.000608071,0.00036771,0.005083039,0.074014231,0.004810736,0.002270719,0.003973894,0.003161494,0.001250687,0.00193967,0.008587155
0.009980372,0.002949762,0.460121409,0.003607417,0.003941615,0.252534977,0.041217125,0.002997325,0.090831868,0.001258487,0.001455617,0.003197641,0.000411519,0.000313176,0.00515049,0.092569192,0.004864275,0.000918058,0.005472832,0.006507115,0.001336168,0.001425856,0.006412644
0.014389725,0.002277063,0.501004376,0.00550414,0.003404421,0.225390754,0.04275319,0.004416016,0.064043467,0.000497427,0.00367288,0.00995614,0.000419831,0.000252043,0.003046863,0.067767456,0.010220237,0.012985818,0.002854859,0.005682453,0.000623581,0.003349701,0.015194464
0.012801037,0.003042067,0.482671616,0.00454901,0.003850618,0.222355631,0.047808179,0.003670095,0.105288414,0.000692384,0.004568937,0.007379624,0.00036641,0.00035008,0.006217291,0.058618843,0.007972378,0.006525812,0.002604897,0.005177,0.000582733,0.00211252,0.010345839
0.008388081,0.00275484,0.44059721,0.003182741,0.0033569,0.265318058,0.044222867,0.00323696,0.095157849,0.000622448,0.002560307,0.007835704,0.000978522,0.000339527,0.00416854,0.081788268,0.008737454,0.001863669,0.004615531,0.007301545,0.001176307,0.00247125,0.008996693
0.007326558,0.002861008,0.44335323,0.002594279,0.00448396,0.249737428,0.044758773,0.00403479,0.103329244,0.00028924,0.00298021,0.007879732,0.000356216,0.000277488,0.0034934,0.084943273,0.009693637,0.002933108,0.005625047,0.00709296,0.000807458,0.002140531,0.008503927
0.012818655,0.002865333,0.51617168,0.004193128,0.003896055,0.224641378,0.049226736,0.003901592,0.078714504,0.000638159,0.002582566,0.004420823,0.000396525,0.000292976,0.003853253,0.054677894,0.005208134,0.010714703,0.003044629,0.004060484,0.000927978,0.002541034,0.009824042
0.011656635,0.004490949,0.430311645,0.001996898,0.006907214,0.25849996,0.051731585,0.003139286,0.11710733,0.000688058,0.002065193,0.003904615,0.000334678,0.000305208,0.003222813,0.071779975,0.005682958,0.003751726,0.005580359,0.004935378,0.001012875,0.002412874,0.006481839
0.011756782,0.003147105,0.465556697,0.002500959,0.004010649,0.24166182,0.047617448,0.003439707,0.104168574,0.000317366,0.002765033,0.004802472,0.00033716,0.000336717,0.004678523,0.071698406,0.006413249,0.003470596,0.004387406,0.005096538,0.000843705,0.001884856,0.008644663
0.016933405,0.002896271,0.470724392,0.00434743,0.00355768,0.231207534,0.04459041,0.003463339,0.091534568,0.002181533,0.00378491,0.005139659,0.000307833,0.000344392,0.006643546,0.074939267,0.006405107,0.005088499,0.0051088,0.005510919,0.000982047,0.002245222,0.011686096
0.005248522,0.002179358,0.459195498,0.003033447,0.00417789,0.242858036,0.046118381,0.003929559,0.11129562,0.000414073,0.00187071,0.004844188,0.000331779,0.000293208,0.003808478,0.075864167,0.006531233,0.005457845,0.003988096,0.004900866,0.00090827,0.002641715,0.009803014
0.021376957,0.002578047,0.515119013,0.004797801,0.003113356,0.216713198,0.057616731,0.004167002,0.083887129,0.001229608,0.00607812,0.004769087,0.000603111,0.00033718,0.003651876,0.048987234,0.004962195,0.003605049,0.002690939,0.003537148,0.000478572,0.001461202,0.00757096
0.009670296,0.002882731,0.464116009,0.003739187,0.004539801,0.238738083,0.049970264,0.004688644,0.107693554,0.000616653,0.00349173,0.005750309,0.000516814,0.000442868,0.005052449,0.066060208,0.007650713,0.002991256,0.003276125,0.005280689,0.001080286,0.002140294,0.008976048
0.036862329,0.004659852,0.452363785,0.002788697,0.003786536,0.237453072,0.039030272,0.003217275,0.105250589,0.001607953,0.007344215,0.00645383,0.000568884,0.000612783,0.006772451,0.059065532,0.006518567,0.002866236,0.00488576,0.00795812,0.001444779,0.002674363,0.005268315
0.010019464,0.002821067,0.451509593,0.002994023,0.004699732,0.262756726,0.040220426,0.003241642,0.102181886,0.00059963,0.003272612,0.00506816,0.000389058,0.000404455,0.005587531,0.069850639,0.005636289,0.00275175,0.00443055,0.005619347,0.001278781,0.00180468,0.012138915
0.012743036,0.002508195,0.457384381,0.003686103,0.004211484,0.23542667,0.048087364,0.003506402,0.103779578,0.00149611,0.006508001,0.010808471,0.000354453,0.000381079,0.00636209,0.060882622,0.011663118,0.004235069,0.004211193,0.008371984,0.001169978,0.002676397,0.009031315
0.007444195,0.001934027,0.409142467,0.001081862,0.00371349,0.250491808,0.060714519,0.00190625,0.13635046,0.00073161,0.001517506,0.012574555,0.000965979,0.000457899,0.003695774,0.060681683,0.016919828,0.001953695,0.004335027,0.012886217,0.00071257,0.002496145,0.006808219
0.016615199,0.004447104,0.455269411,0.004262996,0.004203888,0.248085046,0.043256128,0.003641378,0.088521279,0.000895804,0.004114856,0.008476554,0.000601765,0.000426599,0.005807337,0.073482832,0.0084547,0.002740567,0.003987771,0.007866384,0.00162548,0.003024824,0.009521639
0.009240492,0.002496049,0.463058768,0.002879656,0.003679129,0.252897131,0.044128068,0.003607667,0.10862854,0.00017344,0.002954722,0.007769448,0.000402383,0.000383781,0.003338624,0.059193049,0.009224295,0.001751401,0.004697673,0.007883368,0.001524665,0.001779345,0.007499133
0.01102505,0.002387257,0.461742735,0.004214546,0.003721561,0.237008954,0.046039719,0.003510071,0.096488305,0.000838288,0.003172635,0.006756367,0.000385127,0.000370956,0.007413706,0.075589734,0.007908563,0.003321438,0.0061686,0.007425552,0.001349407,0.003450389,0.009039938
0.009543706,0.001755568,0.470018133,0.002867526,0.003271625,0.242654699,0.053863239,0.003833529,0.103753208,0.000984007,0.003967959,0.005602044,0.000439631,0.000424955,0.005416981,0.065861099,0.005231081,0.001833473,0.004433072,0.004050618,0.000638213,0.002744246,0.006307566
0.009606002,0.002836659,0.454147111,0.002543127,0.004101605,0.254011651,0.04231782,0.003828896,0.104251906,0.000515102,0.003501573,0.005827458,0.000426813,0.00039559,0.005348033,0.069627409,0.006971003,0.003298734,0.005209945,0.006266403,0.001166107,0.003529834,0.009555041
0.011344623,0.003256446,0.442136162,0.002592183,0.004209954,0.253618477,0.046906197,0.002866742,0.09771328,0.000872493,0.002236663,0.004891989,0.000382027,0.000299875,0.004716524,0.087979546,0.006065053,0.00179197,0.00595194,0.006273901,0.001285203,0.002686582,0.008859458
0.008445884,0.002430035,0.462078302,0.002985956,0.003813344,0.240810372,0.048236929,0.003944532,0.113568419,0.00058947,0.00620733,0.005399601,0.000443487,0.000372031,0.004428826,0.063417517,0.005943921,0.002346364,0.005616002,0.005732291,0.001279153,0.00319216,0.008076569
0.008428518,0.004032412,0.482430406,0.002241807,0.008821645,0.245311603,0.03181763,0.00381217,0.083324481,0.000229596,0.012597661,0.007688769,0.000932481,0.000308246,0.001714799,0.041579821,0.007169578,0.025184712,0.000931684,0.00436904,0.002750828,0.004423096,0.018650655
0.008363578,0.002489608,0.435678954,0.002438558,0.004257863,0.253194596,0.039276391,0.003372599,0.105574076,0.000781785,0.00330026,0.006762902,0.000419337,0.000367922,0.004769627,0.084229618,0.008630255,0.004420424,0.005487605,0.008025854,0.001663794,0.004034418,0.011843801
0.010031396,0.003107153,0.450705558,0.003367893,0.004632389,0.221475854,0.049904019,0.004483444,0.114588141,0.001164199,0.007826312,0.006754827,0.000435883,0.000435843,0.006024292,0.076466626,0.008211276,0.002732635,0.006882612,0.007160836,0.001364272,0.003802739,0.00770573
0.012072304,0.003671202,0.496757649,0.004041231,0.005891357,0.223233901,0.041882842,0.003937197,0.085235775,0.000646847,0.011934194,0.007375472,0.000925558,0.000560322,0.003874172,0.045061436,0.006860791,0.015943569,0.001994562,0.004403916,0.00218656,0.005271096,0.015386054
0.016246105,0.002994831,0.460970473,0.004654287,0.003015517,0.219400012,0.049821357,0.002850764,0.099564076,0.001622002,0.003939125,0.011759075,0.000275803,0.000242335,0.006190597,0.082753486,0.01056241,0.002308999,0.006334579,0.0073228,0.000302367,0.002197855,0.003157238
0.010709222,0.00259192,0.430860241,0.002192411,0.003481958,0.21969733,0.051313068,0.003480056,0.174360881,0.00050305,0.002575008,0.011465512,0.000428645,0.00056084,0.005950259,0.046292713,0.011514364,0.001230634,0.003597401,0.00858057,0.000439858,0.001548253,0.005013247
0.023827091,0.004769618,0.447268649,0.003147437,0.00458465,0.219598577,0.053911097,0.00342559,0.122694592,0.000701812,0.003280282,0.009511201,0.000333686,0.000276305,0.005763703,0.062600731,0.008776389,0.003779893,0.002974358,0.006731252,0.000597009,0.002330252,0.007314311
0.015134751,0.002956408,0.459610161,0.003793573,0.00409991,0.220800634,0.064716939,0.003289516,0.090866372,0.001605419,0.002123954,0.005320204,0.000376936,0.000214332,0.006312776,0.089658985,0.005386711,0.001422841,0.007776788,0.005735271,0.000672061,0.002607887,0.003715849
0.018677407,0.003471356,0.455075702,0.002700833,0.003899437,0.217742415,0.07112886,0.003298323,0.088595203,0.001604605,0.001926724,0.007382261,0.000604012,0.000242323,0.006936796,0.086237832,0.007820922,0.001511436,0.005651987,0.007184732,0.000721054,0.002577435,0.00324355
0.015490139,0.002783352,0.44149231,0.004988832,0.003167194,0.222414826,0.046927868,0.003025318,0.105689163,0.002531023,0.003370588,0.012406092,0.00029439,0.000236109,0.007791639,0.090515363,0.011961466,0.002553355,0.004490281,0.008694852,0.00088061,0.002249574,0.004315659
0.018366435,0.003952228,0.449333506,0.003731454,0.004902426,0.232927555,0.070244392,0.003719112,0.08565211,0.00068412,0.004720482,0.012007935,0.000524844,0.000241506,0.006446008,0.058207906,0.011293201,0.005796417,0.003565652,0.009008174,0.000786406,0.0037235,0.0083702
0.018467658,0.003499651,0.439494394,0.004562296,0.003663025,0.207538043,0.07956343,0.004033508,0.116234592,0.00164899,0.007533968,0.009360401,0.000595459,0.000309433,0.009955201,0.06136645,0.008815775,0.001329661,0.006256847,0.007529478,0.000812305,0.001759425,0.003284189
0.008853223,0.003408799,0.469661673,0.003431782,0.00367292,0.201639441,0.054337604,0.003881845,0.121474546,0.001497016,0.002319879,0.005616856,0.000316924,0.000272891,0.008326189,0.083965803,0.005690306,0.001919882,0.004632237,0.004839318,0.000686849,0.001746681,0.006254648
0.02171841,0.004151644,0.435725435,0.003691009,0.003822895,0.226026745,0.045427138,0.003024758,0.110947429,0.00105454,0.004825805,0.012139489,0.000362015,0.00027945,0.010045817,0.078340558,0.011386885,0.002042076,0.005730592,0.008793343,0.000688276,0.002940682,0.004983989
0.014582233,0.003158549,0.46235062,0.004921054,0.003192898,0.218793176,0.051138321,0.002960239,0.098759519,0.001713268,0.003866441,0.003342342,0.000334269,0.000283673,0.007104356,0.095866703,0.003565219,0.002592687,0.008127483,0.004414479,0.000761429,0.003317604,0.004288303
0.007849952,0.002411866,0.430673157,0.002146632,0.003647824,0.228777456,0.051957874,0.003642035,0.163842497,0.000536774,0.002496763,0.003069992,0.000536859,0.000681681,0.007597706,0.061352704,0.004588534,0.001247181,0.005215981,0.006469179,0.001224578,0.002276488,0.007113985
0.021659004,0.004986811,0.44379431,0.003418441,0.00496846,0.215104167,0.056438435,0.003762034,0.12644598,0.000875894,0.003658503,0.003254156,0.000410237,0.000324727,0.006860283,0.071966832,0.004112696,0.00438081,0.003468263,0.005602518,0.001444943,0.002837838,0.009314398
0.014352123,0.003166483,0.460628127,0.004107237,0.004262182,0.212442935,0.064899269,0.003392727,0.092159539,0.001754141,0.002276457,0.002724182,0.000397336,0.000247759,0.006877455,0.095145034,0.004094735,0.001612202,0.008721422,0.006835482,0.0016743,0.002946929,0.004357396
0.017178536,0.00332621,0.455632547,0.003080042,0.004059928,0.203361527,0.076033745,0.003605414,0.096828553,0.002109178,0.002193267,0.002905452,0.000749306,0.000277043,0.007855726,0.092664437,0.00468361,0.001710314,0.006103622,0.006913807,0.001583449,0.002778024,0.003727503
0.01322719,0.002824845,0.444088899,0.005234242,0.003345452,0.224602585,0.048773252,0.003438444,0.106024749,0.002893143,0.003482602,0.002838288,0.000402041,0.000292717,0.008728345,0.102472744,0.003625179,0.002982466,0.005485575,0.00480267,0.001774824,0.002741794,0.00519207
0.017650325,0.004283723,0.462492484,0.004563912,0.005397179,0.213319064,0.078679521,0.00432283,0.098794351,0.0009814,0.005706416,0.002614675,0.000535224,0.000274736,0.007156567,0.060791055,0.003317814,0.006343123,0.003165853,0.004747196,0.001191392,0.003671938,0.008979322
0.0164928,0.003530828,0.439217038,0.004698219,0.003785352,0.205336581,0.080920706,0.004021568,0.117794125,0.001990505,0.007564473,0.003720566,0.000721419,0.000363084,0.010793745,0.070547419,0.004614081,0.001470017,0.007519827,0.006420794,0.001677042,0.00209925,0.003715448
0.007564971,0.003421055,0.462648358,0.003390075,0.003821569,0.205894683,0.055132416,0.003884216,0.119277458,0.00147121,0.002195849,0.002383941,0.000353777,0.000313849,0.008536576,0.091298634,0.003586478,0.002041575,0.005683464,0.005300902,0.001676316,0.002184711,0.007502091
0.019995548,0.004264472,0.439723099,0.004374434,0.003988407,0.211564175,0.051219056,0.003480098,0.126336443,0.001240332,0.00559686,0.002467685,0.000462803,0.000331339,0.011508555,0.086914428,0.002883622,0.00235383,0.005922994,0.004216775,0.001147528,0.003279971,0.005905487
0.013864593,0.003037049,0.442395412,0.004435035,0.003384846,0.225421029,0.049114554,0.002918065,0.092706202,0.001558451,0.003917594,0.007626278,0.000374212,0.000259681,0.007196042,0.098674089,0.010984187,0.00275318,0.009802303,0.009879388,0.001416541,0.00311789,0.004651418
0.009540236,0.002805146,0.426604584,0.001751976,0.003773193,0.247297672,0.047319225,0.003290251,0.134660002,0.000699313,0.002322919,0.007622209,0.000609612,0.00065284,0.007076123,0.061225441,0.012859559,0.001132288,0.005906174,0.011653008,0.001577631,0.002113644,0.006880875
0.01985061,0.004676279,0.436539064,0.003039929,0.004993982,0.22920895,0.052948137,0.003413664,0.115965902,0.000801638,0.003207788,0.005671353,0.000419082,0.000360079,0.006595572,0.071445224,0.009371267,0.004065668,0.004050623,0.00879218,0.001722236,0.002891125,0.009094532
0.01270257,0.003036814,0.446812497,0.003432411,0.004489636,0.235138384,0.059256374,0.003211094,0.081724005,0.001709403,0.002116097,0.003976845,0.000441238,0.00025809,0.006729283,0.096208782,0.00777202,0.0015778,0.010052158,0.009114935,0.00181417,0.003063033,0.004486883
0.015226295,0.00313409,0.44153352,0.002486474,0.004064075,0.236685996,0.066015258,0.003240404,0.07769988,0.001918842,0.00181752,0.004637372,0.000740486,0.000273523,0.007561003,0.09535387,0.008058768,0.001682869,0.007813917,0.010212678,0.001981943,0.003171897,0.004065978
0.019850006,0.003476945,0.449995236,0.003816616,0.003661961,0.262199307,0.038855139,0.0027013,0.07624798,0.002578776,0.002652385,0.005050613,0.000339556,0.000266462,0.007097689,0.088763709,0.007765386,0.002199327,0.005715954,0.006453612,0.001770847,0.002699274,0.004854895
0.016323897,0.004092492,0.451762695,0.004062992,0.005487411,0.231544684,0.071162671,0.004020369,0.08818279,0.000899981,0.005125517,0.0048797,0.000583131,0.000285609,0.007412992,0.063917466,0.007706932,0.005944814,0.003905079,0.007176461,0.001180952,0.003988352,0.009379653
0.015107494,0.003505546,0.429649383,0.004192257,0.004116567,0.222553785,0.072858896,0.00374009,0.107878231,0.001908565,0.007152123,0.004692878,0.000706734,0.000373108,0.011088204,0.076271695,0.00746618,0.001358251,0.009026673,0.007453187,0.001597455,0.002212696,0.004085113
0.007609577,0.003514508,0.452956563,0.003088393,0.004020373,0.224334801,0.051371964,0.003752577,0.107520813,0.001418106,0.002156245,0.003526895,0.000389512,0.000324381,0.008558349,0.092982381,0.006393608,0.001957835,0.00662442,0.005660582,0.001212482,0.002329805,0.007856358
0.023123705,0.004152229,0.442584816,0.002832418,0.004123048,0.263796863,0.038386398,0.002567321,0.082850505,0.000988529,0.003829334,0.004323714,0.000375898,0.000292815,0.009627468,0.079216718,0.007978177,0.001825889,0.006918164,0.008000125,0.001743925,0.003424494,0.005819955
0.013908407,0.002547767,0.444735723,0.003685706,0.003535923,0.212063899,0.068872077,0.004792852,0.122654615,0.001028398,0.004581876,0.008609978,0.000451494,0.000342883,0.005987677,0.071015112,0.008443953,0.001218551,0.004568863,0.006877987,0.000692145,0.001967484,0.006009995
0.017555535,0.005159466,0.44033289,0.005519054,0.004974272,0.208010965,0.053148946,0.004438157,0.116059715,0.003235193,0.005255367,0.005924069,0.000396458,0.000313375,0.009595879,0.090508532,0.005914411,0.003167465,0.005022323,0.005367333,0.000896328,0.002965686,0.004691737
0.020958306,0.001831395,0.507236039,0.006676672,0.001889094,0.193284881,0.046614742,0.003116698,0.09788945,0.002801503,0.006903363,0.008858166,0.000358989,0.000286872,0.007711268,0.058194112,0.008699306,0.003613155,0.003976962,0.007067184,0.000825491,0.002416128,0.005223664
0.02946986,0.002536749,0.496670553,0.010317728,0.00362517,0.198185358,0.070558504,0.005217119,0.054767021,0.00154562,0.003878247,0.011494463,0.000490059,0.000285913,0.007036046,0.066209444,0.011213766,0.00193116,0.005622088,0.008513102,0.000584752,0.003058692,0.003784561
0.025062978,0.00453143,0.448607468,0.005663338,0.004222173,0.197455981,0.061846846,0.00354401,0.117438519,0.003237453,0.00806157,0.005616015,0.000415925,0.000213228,0.010365581,0.075252542,0.006044458,0.002566962,0.004747503,0.005448596,0.000726324,0.003352641,0.003565536
0.015255125,0.003637217,0.495446187,0.006936658,0.003461138,0.171288813,0.065597254,0.004861908,0.083245693,0.002187131,0.003920779,0.007247414,0.000502558,0.000347877,0.011203322,0.090472756,0.008112671,0.001846175,0.006756589,0.006676999,0.000958439,0.002315996,0.005856317
0.014216649,0.002893849,0.439141661,0.00303798,0.004089234,0.221262505,0.054180125,0.00374543,0.133096599,0.000705403,0.00515594,0.006701525,0.000427371,0.000402737,0.005172515,0.072329209,0.006962167,0.001045707,0.006682962,0.006798063,0.001075774,0.002334682,0.007157713
0.011784465,0.003439321,0.445237163,0.003677029,0.004427369,0.225202356,0.059948273,0.003760083,0.092717089,0.001619184,0.001930951,0.006215377,0.000563533,0.000319178,0.010363938,0.088431025,0.007371487,0.001543337,0.008845403,0.007849308,0.001162465,0.00325447,0.008672143
0.028831851,0.005925982,0.436959395,0.004507679,0.005939236,0.226793061,0.058505177,0.003234146,0.088481505,0.002503215,0.003955061,0.008291343,0.00040853,0.000274167,0.01151942,0.077768232,0.008255354,0.003110986,0.005930692,0.006862582,0.000560714,0.002858635,0.006128008
0.015494892,0.002772922,0.451900734,0.001629851,0.004904473,0.279419347,0.0452111,0.002364941,0.04692782,0.001881926,0.001862971,0.010008736,0.000438032,0.000180785,0.004640211,0.078635792,0.012791089,0.001117158,0.007212797,0.015322012,0.001292286,0.001504585,0.00355187
0.013106484,0.00261134,0.450996426,0.004442401,0.003632105,0.192558438,0.075579678,0.005394765,0.139154545,0.001234604,0.005521026,0.002313816,0.000501441,0.000361655,0.006699545,0.072030677,0.002806488,0.001353463,0.004033698,0.004209171,0.001161284,0.003491475,0.006260362
0.016506666,0.005169876,0.439005642,0.006130618,0.005176853,0.206063215,0.053947542,0.004561729,0.116347274,0.00333586,0.005327905,0.002670617,0.000459205,0.000334337,0.009823395,0.094635737,0.003457092,0.00334436,0.005619811,0.00546363,0.001724804,0.004482209,0.004907299
0.018404206,0.001853674,0.487734075,0.007892011,0.001949318,0.190831603,0.051946249,0.003711258,0.108348335,0.003333351,0.008107754,0.002537205,0.000414267,0.00036564,0.009015233,0.072769326,0.003088066,0.004277715,0.005234516,0.004981684,0.001529214,0.003695799,0.006982539
0.027990632,0.002641604,0.494571738,0.011105278,0.0037682,0.199739066,0.073649902,0.005866491,0.06018982,0.001688631,0.003070222,0.002003983,0.000529604,0.000328342,0.008420783,0.077916146,0.002647784,0.002300982,0.007107693,0.004660234,0.001051408,0.003011886,0.00473308
0.023626083,0.004508975,0.450624129,0.005748342,0.004198539,0.194713951,0.062177592,0.003589057,0.119324406,0.003326924,0.008139223,0.002804403,0.000391013,0.000219232,0.010738988,0.07946077,0.003758622,0.002652205,0.005213578,0.005469861,0.001219685,0.003311932,0.003683942
0.014778304,0.003769839,0.494476989,0.007668413,0.003505121,0.155666406,0.070608346,0.005460868,0.093723378,0.002401361,0.004650381,0.002243147,0.000542224,0.000378322,0.013264932,0.098424956,0.003370083,0.002256928,0.006932991,0.004848127,0.001551491,0.00211773,0.006869756
0.014581689,0.003209143,0.450276994,0.003406582,0.004144521,0.207051646,0.056547905,0.003925848,0.143531616,0.000950616,0.005565347,0.003325141,0.000422736,0.00041411,0.005114617,0.068948224,0.004238608,0.001019266,0.005934661,0.005860885,0.001543192,0.002231439,0.006747234
0.011163299,0.003692176,0.459065584,0.004038369,0.004491291,0.211234068,0.063041207,0.004124621,0.098855019,0.001647723,0.002007968,0.002414849,0.000591527,0.000331894,0.010391727,0.088282439,0.004261578,0.001544157,0.007965331,0.006850012,0.001844434,0.002985174,0.008361633
0.029676818,0.006094392,0.447825613,0.004900144,0.005871363,0.220112858,0.061507323,0.003489549,0.09393275,0.002925202,0.004330803,0.002449699,0.000402554,0.000297086,0.011975533,0.077869254,0.002683045,0.003257258,0.00524019,0.003825071,0.0007405,0.002835438,0.006328821
0.012941334,0.002717631,0.422081872,0.002122089,0.004405494,0.230693956,0.060133076,0.003475506,0.074671515,0.003294494,0.002873,0.002509976,0.000534787,0.000295956,0.006681525,0.131418481,0.004195427,0.00200913,0.011866056,0.007858677,0.001844476,0.00298263,0.007857628
0.013366759,0.002923873,0.457302287,0.004175992,0.003904218,0.203381302,0.072197527,0.00516984,0.126220604,0.001062966,0.00491773,0.003513545,0.000495431,0.000340412,0.00606183,0.06787873,0.005531211,0.001184848,0.004246284,0.006165984,0.00134955,0.002048898,0.006018637
0.015296647,0.005038124,0.439485379,0.005212586,0.00507648,0.218352679,0.050795953,0.004292628,0.106942958,0.003012522,0.004766589,0.003793443,0.000410796,0.000335827,0.009322703,0.093770429,0.006553647,0.003125997,0.006103793,0.007308816,0.001945099,0.00331907,0.005020406
0.019618685,0.002100864,0.485964215,0.006222426,0.002165392,0.217289984,0.045413449,0.003188544,0.091065746,0.002576646,0.006591622,0.003768385,0.000407542,0.000335748,0.008163246,0.071286268,0.005871634,0.003779078,0.005951447,0.006402392,0.001564257,0.002899852,0.006765938
0.024071368,0.002433175,0.489451138,0.00926548,0.003662638,0.212947868,0.069249177,0.005329055,0.055211891,0.001494497,0.002491314,0.00293005,0.000463267,0.000315062,0.008096417,0.08158682,0.005226483,0.002128047,0.007902334,0.006389066,0.001095742,0.00274099,0.004831026
0.021987934,0.004536254,0.448415252,0.005062766,0.004254238,0.210338936,0.059143546,0.003497079,0.107373403,0.002502913,0.006911389,0.00426735,0.000390559,0.000214455,0.010037447,0.079234236,0.007067683,0.002419041,0.005967341,0.007404319,0.001347121,0.002866211,0.003681362
0.01307163,0.0035709,0.487088093,0.006320172,0.003405501,0.177796075,0.064009412,0.004826196,0.08359525,0.002003879,0.003734789,0.003844027,0.000515997,0.000360973,0.011793515,0.099956189,0.006503887,0.002039306,0.008188397,0.006497373,0.001541617,0.002121468,0.006731747
0.014497501,0.003061201,0.436286003,0.002799595,0.004156295,0.229533244,0.052307531,0.003868016,0.125399664,0.000672485,0.00517139,0.004577838,0.000478027,0.00040838,0.005326071,0.076100116,0.007302723,0.001076356,0.007509169,0.007351128,0.001454273,0.002102129,0.007830928
0.008881721,0.003249401,0.44023817,0.003150914,0.004557874,0.243666579,0.054341629,0.003574995,0.081768737,0.002002833,0.001734585,0.004151913,0.000620407,0.000354235,0.010461387,0.09474093,0.008001789,0.001517477,0.010217136,0.007693259,0.001370658,0.003442221,0.009357817
0.024612879,0.005536851,0.434363396,0.004244365,0.005911257,0.232675888,0.056612485,0.00334867,0.086970984,0.002553346,0.003750249,0.00398257,0.00037072,0.000294978,0.012016867,0.085037591,0.007313477,0.003175492,0.006784469,0.007755084,0.001325448,0.003138874,0.006909518
0.012427778,0.002527408,0.417406243,0.001940208,0.004515808,0.247983563,0.054498701,0.003173597,0.06458837,0.002591599,0.002403132,0.004172586,0.000508245,0.000278041,0.006272594,0.126024332,0.008796552,0.001703839,0.013141129,0.010955208,0.002299388,0.002943475,0.007980004
0.017464893,0.00404183,0.422341009,0.003721144,0.00414029,0.220906997,0.05384046,0.003830996,0.10260375,0.002767161,0.004258711,0.00618399,0.000487345,0.000286331,0.009247035,0.103007167,0.00734816,0.002761234,0.008398597,0.008227833,0.001267451,0.00408606,0.00723049
0.016114195,0.002800345,0.418750292,0.002482615,0.004073759,0.225921419,0.049785277,0.003485182,0.122543885,0.001366826,0.003660272,0.00595109,0.000433614,0.000473644,0.00951761,0.094822186,0.007718284,0.001544832,0.007723201,0.008174063,0.001486587,0.002590724,0.0070614
0.016641763,0.003626438,0.430041408,0.00542102,0.0039546,0.223550783,0.053681071,0.004133358,0.10695757,0.001910013,0.003673003,0.007913128,0.00053471,0.000308553,0.012124872,0.085079653,0.008824953,0.00134331,0.007656761,0.008093632,0.001578933,0.003449586,0.0064486
0.017353725,0.004194621,0.46398322,0.006807797,0.004202808,0.188590324,0.062802995,0.00432128,0.102089742,0.001695436,0.005557633,0.010739192,0.000457276,0.000282627,0.009105964,0.075156934,0.010776848,0.001053618,0.005481622,0.008724137,0.001193416,0.004012871,0.004894876
0.012093729,0.002593579,0.44908818,0.007275563,0.003383721,0.209888027,0.050673326,0.003749713,0.088272691,0.002508319,0.003764145,0.00814994,0.000448089,0.000305754,0.008816647,0.108313435,0.00924188,0.002975187,0.007173363,0.008123289,0.001295223,0.003805775,0.006144335
0.023241509,0.00501217,0.475165917,0.004696734,0.005637811,0.213999147,0.060513996,0.003395675,0.072376949,0.00268214,0.003088386,0.006479366,0.000428533,0.000205806,0.007849548,0.078567812,0.00762235,0.002351105,0.007289415,0.007337369,0.001206838,0.003410021,0.002748812
0.015768146,0.003356806,0.426868548,0.00434645,0.004487235,0.211707349,0.058702681,0.004031468,0.100953245,0.003645546,0.00265402,0.004559845,0.000562423,0.000453922,0.012574255,0.10813581,0.004614494,0.002082059,0.011592912,0.005140803,0.001021106,0.00655117,0.00438025
0.021836366,0.005769355,0.432577283,0.007487272,0.005727946,0.224315443,0.055210867,0.003492237,0.090988291,0.001430982,0.004264618,0.009507773,0.000539267,0.000290184,0.010509486,0.079962723,0.009373919,0.003719391,0.00716315,0.008006596,0.000911118,0.005945089,0.005790515
0.019752188,0.00362363,0.438546298,0.003999854,0.004122281,0.220907333,0.062680547,0.002865957,0.110372987,0.002166172,0.003805942,0.006695034,0.000517935,0.000331846,0.009697833,0.068741841,0.007882559,0.004975941,0.003907344,0.007456548,0.001167817,0.004331316,0.009796182
0.010366767,0.002563527,0.414473951,0.003621243,0.003667336,0.213957938,0.048504391,0.004090257,0.159902044,0.001272121,0.003459412,0.007347004,0.000424185,0.000405254,0.007304394,0.081543742,0.008266472,0.002240234,0.004854462,0.007149155,0.00099497,0.003638721,0.007628909
0.016559334,0.004169476,0.427341818,0.004066429,0.004182072,0.21445366,0.055977899,0.004085705,0.108059579,0.002912478,0.004381933,0.002641927,0.000470465,0.000301118,0.009253985,0.105379729,0.004244969,0.002724599,0.00806106,0.007070478,0.001766545,0.004086533,0.007017078
0.016856104,0.002905608,0.427702743,0.003234835,0.004089752,0.20363045,0.054543758,0.003916471,0.140374392,0.001744949,0.004534986,0.002421254,0.000499695,0.000499692,0.009823824,0.092271429,0.004088539,0.001640774,0.006690627,0.006261389,0.001805984,0.002817976,0.006882841
0.015766178,0.003760692,0.436084296,0.006885249,0.004082737,0.208333666,0.057698509,0.004322905,0.119272523,0.002287304,0.004042257,0.002677783,0.000582874,1.99671E-06,0.012345209,0.088059419,0.004513052,0.001404253,0.007162195,0.005964619,0.002193547,0.002986398,0.006747352
0.014967646,0.004192302,0.467040609,0.004769077,0.004210909,0.186966953,0.066163712,0.004696458,0.109583997,0.002010891,0.004209889,0.002446827,0.000490594,1.76566E-06,0.010418308,0.088919162,0.003897471,0.001201983,0.006619092,0.005965004,0.001826875,0.002725602,0.005989389
0.011326842,0.002704965,0.464126094,0.007583463,0.003295315,0.204954453,0.05366945,0.003994448,0.089673757,0.002552297,0.003537447,0.002507034,0.000451413,0.00031348,0.008511916,0.109713792,0.004036864,0.002812039,0.006938879,0.005640729,0.001802765,0.002810238,0.006013998
0.023739163,0.005325489,0.481367369,0.005337409,0.00538268,0.191035998,0.068335379,0.003801301,0.08423718,0.003388186,0.003627558,0.002649635,0.000406331,0.000208091,0.008496494,0.084500143,0.003781791,0.002683251,0.007071025,0.005243118,0.001443736,0.003701359,0.00295155
0.014375728,0.003296759,0.424468722,0.004031852,0.00438036,0.222518348,0.057432622,0.003841271,0.093986159,0.00331927,0.001817811,0.002516596,0.000554132,0.000416775,0.011339435,0.114314763,0.003884156,0.001884595,0.013999387,0.00676831,0.002000918,0.003354208,0.004725498
0.022813487,0.006189694,0.454164652,0.004853403,0.005413833,0.204255951,0.062167567,0.003569405,0.107713571,0.001748258,0.004437591,0.00240971,0.000442782,0.000294625,0.011048904,0.08084025,0.002671501,0.004184682,0.005935398,0.00371338,0.000946203,0.00306073,0.005945559
0.018393952,0.003661094,0.44308122,0.00352166,0.003892621,0.213263059,0.066811554,0.002960918,0.119206045,0.002369354,0.003711178,0.002595745,0.000530817,0.000329662,0.009861963,0.071418686,0.004217004,0.005204874,0.003869933,0.005818439,0.001566096,0.002583341,0.010172661
0.008758735,0.002496364,0.420607184,0.002841463,0.003486101,0.220716037,0.048961785,0.003958955,0.153117473,0.001276873,0.002883833,0.002499451,0.000439361,0.000416,0.007315794,0.087696346,0.004195805,0.002284161,0.005894235,0.006342112,0.001639517,0.002927939,0.008694942
0.01468055,0.003994901,0.423803242,0.003270681,0.004382098,0.235374269,0.050511178,0.00355725,0.091249091,0.002290269,0.003584467,0.004383961,0.000462684,0.000293209,0.008569165,0.104008099,0.008643036,0.002473611,0.009512093,0.010607454,0.002071724,0.004232337,0.007290155
0.01579251,0.002923514,0.424572421,0.002610018,0.004110739,0.223353043,0.049157622,0.00361342,0.124146173,0.001516184,0.003944659,0.004108357,0.000450944,0.000486157,0.009421977,0.091894271,0.007838642,0.001580066,0.007569413,0.008646499,0.002029363,0.002538885,0.006988014
0.038757509,0.006879636,0.608291423,0.00277895,6.49524E-05,0.155658168,0.016023141,0.002086384,0.023234281,0.035681411,0.003783703,0.001336904,0.003649001,0.000125367,0.00277545,0.006175532,0.002242089,0.00481231,0.008951241,0.000886905,0.00100566,0.000542177,0.003532061
0.013918183,0.00401338,0.461625637,0.004332292,0.004150542,0.198588845,0.063211178,0.004645604,0.103511122,0.001387848,0.003730912,0.003511369,0.000454199,0.000293868,0.01020691,0.089023836,0.006407288,0.001190295,0.006999795,0.007490058,0.001894327,0.002695791,0.00600461
0.010876341,0.002720808,0.4558372,0.006546058,0.003450957,0.218434803,0.050098691,0.003741646,0.083310508,0.002270519,0.003210665,0.003892486,0.000414388,0.000320188,0.008109146,0.110082413,0.00709316,0.002682425,0.007965601,0.007549994,0.001848037,0.002885221,0.006056168
0.020972917,0.004956242,0.466391363,0.004638809,0.005435325,0.208049782,0.064244084,0.003635859,0.078860978,0.002673597,0.003215097,0.003860462,0.000424404,0.000206733,0.008393142,0.089120057,0.006753881,0.00272522,0.008751245,0.00679749,0.001393073,0.004038171,0.003172474
0.011788814,0.003071642,0.415128032,0.003418155,0.00452857,0.242084044,0.053474857,0.003654284,0.083921105,0.002757259,0.00164794,0.00396721,0.000573083,0.000431462,0.010837327,0.115750172,0.00731518,0.001623721,0.015788845,0.00770937,0.001634658,0.003320399,0.00481231
0.019933478,0.005810376,0.446469346,0.004113874,0.00544552,0.22155971,0.056971653,0.00322196,0.095592174,0.001597068,0.003887377,0.004499938,0.000483771,0.000278299,0.010324427,0.082058023,0.007399091,0.003787009,0.007124072,0.007574668,0.00166583,0.00319774,0.005857202
0.017214861,0.003555361,0.441780823,0.003661442,0.003930389,0.222774947,0.062399762,0.003332083,0.111646743,0.002182281,0.003520756,0.004090724,0.000530664,0.00033959,0.009666289,0.069839114,0.007048818,0.004845702,0.004171499,0.00842628,0.001902063,0.002517407,0.009789216
0.010323721,0.002575772,0.421163144,0.002560047,0.003615356,0.240422301,0.044812688,0.003935287,0.1320187,0.00103958,0.002671224,0.004317554,0.000453621,0.000397598,0.00694976,0.083170581,0.008543813,0.002113778,0.006208207,0.009088073,0.001926832,0.002656957,0.00833896
0.01206222,0.002657544,0.41636684,0.003679388,0.003714,0.247830143,0.041886909,0.002637486,0.07220768,0.00148828,0.002310496,0.006256644,0.000615195,0.000396983,0.008728558,0.121330163,0.011780481,0.002525405,0.015992427,0.012036152,0.001666956,0.004344389,0.006577639
0.007917945,0.002369867,0.41766662,0.002395857,0.004585885,0.242387091,0.053530207,0.004124469,0.127785265,0.000544423,0.003129656,0.004405023,0.000796413,0.000759095,0.010174407,0.072504837,0.007958831,0.002175223,0.007775132,0.00955313,0.002114045,0.003550946,0.010859369
0.01252907,0.002569594,0.441101586,0.006470859,0.003364562,0.228864265,0.052553244,0.003913377,0.077136646,0.0018121,0.003558592,0.004547711,0.000739341,0.000391297,0.008463914,0.111296882,0.006874458,0.003627355,0.010228142,0.006957588,0.000950085,0.003326004,0.007641812
0.018513337,0.003798878,0.423456098,0.002462612,0.004889396,0.252474651,0.047273466,0.003527713,0.082887365,0.000550005,0.003827088,0.005447997,0.000775079,0.000406304,0.008902342,0.09110293,0.010025072,0.002551238,0.009180916,0.010064789,0.0023011,0.003711702,0.010391352
0.008622743,0.003154907,0.427868572,0.003345294,0.005075175,0.23018892,0.065111341,0.003624606,0.080184761,0.001433817,0.002596648,0.003655304,0.000697298,0.000354148,0.008536016,0.108044942,0.007039843,0.00174399,0.015232538,0.00954496,0.002077555,0.004126505,0.006479486
0.005931184,0.00277135,0.408791097,0.001792398,0.004706068,0.232067282,0.056297436,0.004789399,0.127646411,0.000583922,0.00416727,0.004988011,0.001160509,0.000708402,0.008378188,0.089156999,0.009096513,0.002286221,0.009406943,0.009402755,0.002293141,0.003447494,0.009424901
0.01295083,0.003528102,0.411659967,0.002666434,0.005143835,0.248459951,0.05258346,0.003407765,0.077054122,0.00180164,0.002006609,0.004529161,0.000684109,0.000336678,0.01065003,0.108786369,0.00856068,0.003147335,0.013183989,0.011076929,0.00236432,0.005267665,0.008537745
0.016396769,0.004366164,0.440714866,0.002957109,0.005829251,0.245070661,0.073378329,0.003270053,0.081382041,0.000690382,0.0019187,0.004631523,0.00101029,0.000355501,0.008956086,0.063888242,0.008813051,0.002535921,0.006563673,0.009793978,0.00184435,0.004411205,0.009556037
0.008917692,0.003809384,0.405294992,0.002266338,0.006152514,0.25595436,0.050278709,0.003676368,0.090015968,0.000509352,0.002436291,0.005002145,0.000771739,0.000423175,0.009315599,0.096803509,0.009622098,0.003744745,0.008942833,0.012805444,0.002605346,0.004546861,0.013098131
0.017370834,0.002808119,0.450721172,0.003426445,0.004086501,0.224824539,0.059914476,0.00386843,0.07395922,0.001418201,0.00394181,0.003797675,0.000804982,0.000457221,0.010689402,0.088064816,0.006223131,0.002440072,0.016300306,0.009097096,0.001740812,0.00381319,0.009174019
0.012984922,0.002955613,0.422905718,0.004201156,0.003892466,0.240361578,0.044281212,0.003033599,0.078840401,0.001904332,0.002864543,0.003788744,0.000591521,0.000395697,0.009297695,0.119532724,0.007178395,0.00274181,0.016244892,0.007887819,0.001316372,0.004619053,0.007126758
0.008715169,0.00265072,0.423882865,0.002681564,0.004815231,0.231976083,0.054528035,0.004351369,0.139124043,0.000649195,0.003562174,0.00373592,0.000855985,0.000815805,0.010274746,0.068918737,0.006756416,0.002262536,0.006948059,0.006799843,0.001170013,0.003066254,0.010409167
0.013934567,0.002819528,0.451352333,0.006876384,0.0036399,0.225085205,0.050369552,0.003678557,0.080247825,0.002127126,0.003896916,0.003158535,0.000616111,0.000369579,0.008444705,0.100806458,0.005562746,0.003738011,0.013766116,0.006136261,0.001478643,0.003093339,0.007296517
0.025942983,0.004339747,0.432622792,0.003779172,0.005008977,0.205708156,0.054323681,0.004083606,0.118422865,0.000874131,0.005561413,0.003642224,0.000697139,0.000401666,0.00918313,0.082065526,0.007036875,0.005857975,0.007003346,0.007649246,0.002104048,0.003138668,0.009199516
0.009665403,0.003434466,0.433035673,0.003803591,0.005262297,0.213278184,0.06900558,0.003872159,0.087152928,0.001802334,0.003175378,0.003435405,0.000749669,0.000364228,0.010806941,0.105256723,0.00714311,0.00182653,0.014181363,0.008903033,0.002100401,0.003837897,0.006136592
0.006536225,0.002925408,0.416982633,0.00206909,0.004849088,0.209216226,0.058425525,0.005024911,0.148410676,0.00075403,0.005173084,0.004068806,0.00101448,0.000674763,0.00850343,0.084743217,0.007425991,0.002445183,0.007748275,0.007945344,0.002079816,0.003076204,0.009019952
0.012786338,0.003501708,0.405169238,0.002645773,0.005239621,0.25027536,0.053054403,0.003625062,0.076471733,0.001880768,0.002153145,0.00441904,0.000724095,0.000365654,0.011342793,0.110980617,0.007982441,0.003177367,0.013655176,0.010717032,0.002307204,0.005671064,0.009222051
0.016917759,0.004506924,0.438617865,0.003187349,0.006013127,0.240609386,0.076328898,0.003651723,0.085053552,0.000777061,0.002159991,0.004566945,0.00106189,0.000366903,0.009154685,0.063993571,0.008272009,0.002648609,0.006230566,0.008955107,0.001601315,0.004395887,0.009310916
0.009852423,0.00391253,0.414837834,0.003001487,0.006323203,0.230783014,0.055607067,0.004236332,0.111087188,0.000690243,0.003140306,0.00399976,0.000701727,0.00044135,0.009751912,0.091027364,0.007722737,0.003864352,0.007151112,0.009776576,0.002351686,0.004039084,0.012224944
0.023043127,0.003607422,0.467689488,0.004052112,0.004461383,0.19867173,0.061761124,0.007648803,0.066799522,0.001488259,0.004912027,0.003701359,0.00019808,0.000346767,0.014347873,0.062069847,0.004870204,0.002998578,0.042356356,0.004937625,6.16789E-07,0.002556306,0.007750515
0.014977829,0.00335666,0.395147468,0.002220259,0.004783255,0.246279758,0.066927393,0.003923859,0.081892594,0.002145613,0.004495364,0.005320947,0.001148096,0.000416218,0.011175009,0.108848629,0.009402432,0.002075083,0.010945635,0.01184871,0.001933295,0.004155722,0.005422234
0.003795518,0.002052371,0.399475727,0.002034735,0.0043322,0.256641868,0.048234502,0.004137386,0.102774796,0.000514838,0.003002134,0.004256745,0.000942297,0.000574257,0.007947197,0.111706946,0.008256298,0.001625545,0.01301627,0.007474585,0.001420713,0.003491747,0.011587135
0.023441532,0.002507843,0.484588513,0.009095942,0.004120251,0.209022249,0.069897484,0.005358749,0.058792308,0.001129511,0.003311102,0.002762925,0.000644275,0.000380264,0.009026222,0.080439595,0.004767044,0.001722664,0.010428136,0.006483777,0.001193649,0.003481006,0.005815699
0.017720369,0.003821532,0.438979867,0.005002151,0.004850208,0.217754112,0.051102245,0.003245083,0.096418398,0.003431299,0.003602633,0.003469526,0.000529347,0.000322945,0.013237597,0.096334139,0.006653127,0.001990676,0.011392537,0.007638946,0.001622857,0.003794064,0.005739495
0.009696965,0.00349245,0.396362729,0.00233027,0.005034841,0.245860893,0.044750041,0.002921819,0.08453726,0.002808037,0.001905524,0.003804788,0.000603872,0.000397357,0.009770258,0.134531593,0.007233105,0.002810229,0.016099283,0.009452315,0.001855087,0.005189152,0.007590908
0.018406504,0.003231843,0.458643061,0.004426923,0.003663968,0.213907506,0.054591533,0.003620436,0.082277974,0.002126436,0.005843419,0.003628859,0.000748331,0.000360892,0.012171813,0.094335018,0.006762145,0.00283569,0.009477975,0.007094617,0.001373496,0.005031296,0.004608179
0.019388208,0.005188938,0.415716087,0.004020096,0.005660765,0.20702176,0.069987346,0.00399926,0.099979678,0.001949365,0.014503791,0.004260481,0.001108879,0.000549774,0.014440005,0.091600072,0.00755521,0.001886615,0.011934963,0.008251598,0.001932965,0.004721792,0.003304281
0.015643764,0.004022319,0.395848484,0.00426436,0.004681507,0.220627583,0.057407662,0.004826026,0.117277503,0.00252936,0.00493076,0.00368526,0.000706174,0.000590328,0.014292713,0.101253246,0.007243471,0.002596882,0.009512443,0.008686266,0.001688724,0.004203046,0.012473431
0.017081076,0.0029047,0.400074948,0.002416489,0.005003167,0.246465638,0.054048983,0.003093427,0.063028821,0.002916088,0.002116985,0.004120501,0.000815156,0.000394034,0.009202321,0.131101517,0.008455275,0.002357561,0.017072434,0.010346775,0.00251803,0.004320231,0.009121315
0.024208929,0.005576397,0.435437908,0.00827911,0.004877362,0.212836747,0.055043544,0.003556313,0.073234879,0.00418026,0.003581997,0.003804943,0.000597585,0.000312886,0.013351659,0.102841547,0.007830297,0.002910495,0.013225757,0.009071707,0.001532809,0.004517271,0.005931389
0.016828645,0.003304901,0.399354521,0.002644353,0.004693542,0.229319882,0.072384076,0.004281563,0.0964327,0.002788797,0.005531291,0.004279875,0.001165544,0.000425958,0.011423126,0.104979276,0.007113463,0.002259458,0.009612731,0.008176622,0.002141534,0.004102402,0.005543048
0.00448748,0.002247345,0.404950844,0.00245305,0.004551856,0.239109441,0.049731968,0.004330031,0.115000293,0.000601844,0.003552808,0.004621861,0.000908612,0.000565086,0.00793989,0.104948114,0.009443734,0.0016076,0.012923752,0.009265692,0.002019448,0.003128488,0.010777589
0.025310994,0.002611802,0.485735405,0.009880269,0.00424796,0.202916017,0.071238043,0.005713081,0.061347624,0.001325421,0.003903791,0.002805417,0.000746699,0.000403225,0.009227436,0.077506563,0.004885761,0.001872677,0.009568394,0.006541327,0.001637571,0.003339314,0.005550389
0.019246546,0.003823874,0.436445439,0.005817707,0.004927597,0.204106954,0.054021369,0.003279405,0.106589769,0.004206812,0.004312915,0.003156928,0.000564287,0.000349668,0.014951816,0.096199761,0.006767207,0.002184852,0.008872184,0.007307466,0.002042038,0.003584211,0.00571188
0.012404961,0.003952527,0.413224917,0.00293202,0.005329443,0.225481429,0.044550312,0.00288214,0.100387991,0.003962178,0.002368094,0.003773613,0.000553906,0.000364977,0.009408685,0.119782113,0.007133177,0.002631912,0.015512688,0.008909932,0.002710967,0.004082882,0.006344794
0.022139375,0.00352067,0.473183707,0.005194688,0.003790259,0.197279963,0.056854016,0.003724926,0.088740263,0.002653949,0.007167142,0.003556119,0.000729001,0.000346976,0.011455335,0.083289465,0.006097494,0.003712874,0.008364543,0.007029921,0.001576071,0.004427754,0.004089465
0.023470917,0.005544629,0.41748794,0.004978397,0.005851996,0.186887402,0.075649795,0.004507728,0.111260351,0.002558572,0.019076315,0.00438789,0.001192898,0.00056368,0.016128848,0.081992713,0.007269638,0.002047425,0.009932742,0.008052674,0.002173881,0.004338516,0.003284027
0.013653348,0.003496315,0.434896322,0.003996802,0.004382286,0.20447341,0.052928874,0.004210257,0.109526787,0.002515574,0.004805592,0.003651383,0.000678074,0.000573409,0.014420737,0.094582598,0.007319594,0.002512223,0.009013536,0.008995571,0.002359035,0.004058065,0.011774457
0.013210485,0.002817065,0.401398357,0.0027379,0.005093956,0.241228115,0.05552839,0.003787179,0.068503508,0.003503703,0.002354292,0.004078924,0.000890328,0.000406373,0.010245704,0.131807907,0.007672424,0.002618176,0.016444525,0.008691019,0.002167221,0.004402156,0.009302429
0.006102359,0.002296248,0.385070755,0.002092665,0.004265251,0.248236906,0.049087346,0.004401549,0.120807704,0.000751131,0.003838262,0.004979372,0.000878056,0.000555234,0.011709036,0.105738504,0.00858148,0.002407307,0.010900937,0.010274407,0.001821046,0.003704369,0.010660073
0.014940436,0.003353296,0.436499397,0.003864114,0.004623921,0.230549833,0.066640914,0.004246113,0.092207405,0.000966451,0.007093607,0.003929714,0.001035365,0.000559504,0.011029464,0.078430892,0.007222287,0.002382356,0.009386991,0.006409819,0.001136672,0.003373349,0.009052508
0.014250547,0.00390838,0.39908495,0.002109685,0.004821121,0.258317334,0.052997376,0.00359857,0.083467238,0.001243074,0.004733231,0.004465506,0.000801022,0.000463097,0.012631937,0.100403545,0.008107195,0.00178219,0.015081124,0.009877269,0.002804317,0.005030821,0.008845173
0.008639041,0.00297368,0.38702878,0.002836194,0.004872563,0.252832916,0.052984969,0.00363312,0.06666866,0.001659386,0.001552482,0.004872969,0.001004044,0.000517577,0.011532655,0.134035491,0.009653723,0.001773165,0.022952527,0.010982925,0.003747614,0.00490227,0.007166953
0.019045047,0.00473863,0.434768838,0.003931877,0.005507294,0.216154105,0.058983964,0.003903697,0.091167536,0.001677877,0.004414484,0.003841659,0.000774986,0.000401675,0.012889938,0.093562094,0.007451926,0.001524957,0.011145449,0.008976484,0.003250869,0.004036444,0.006717898
0.026777694,0.003877733,0.398737446,0.006088034,0.00453031,0.236468437,0.055495151,0.003783663,0.100952093,0.001928181,0.00565347,0.004089729,0.000737434,0.000571914,0.015555233,0.085338126,0.008275315,0.002328293,0.008969064,0.010306142,0.001512257,0.003372491,0.013990095
0.019160984,0.005586192,0.417684717,0.003623779,0.005723021,0.235742832,0.051888146,0.003273227,0.091916218,0.001227065,0.004497626,0.004629056,0.000719325,0.000375908,0.011434233,0.090011796,0.008237435,0.005620956,0.009103073,0.009685381,0.003040483,0.005173544,0.010189878
0.032764178,0.005820536,0.433190112,0.004446262,0.006795358,0.23214677,0.052269511,0.003220979,0.073706818,0.001985078,0.003720101,0.003668776,0.000615746,0.000383053,0.013344999,0.087027178,0.006886387,0.00276288,0.009014725,0.008801426,0.002193654,0.003737384,0.008867605
0.01057316,0.003525929,0.421671989,0.002753128,0.004326777,0.23488957,0.063740228,0.003688171,0.09869513,0.001902817,0.003484809,0.00405435,0.000961336,0.000471257,0.01205722,0.086807757,0.007088559,0.005019134,0.006624003,0.006902018,0.002274801,0.004146241,0.013469897
0.012862898,0.004011477,0.39747172,0.00254742,0.005727918,0.237774468,0.048290096,0.004548337,0.105961716,0.00036179,0.00601405,0.004330308,0.000685128,0.000516574,0.006329323,0.112423416,0.007523882,0.003942113,0.00866849,0.00707828,0.002519816,0.003706665,0.01568449
0.007342925,0.002328888,0.392307698,0.002651181,0.00422197,0.227543432,0.051756386,0.004171821,0.146452285,0.000971713,0.005233066,0.004160327,0.000827072,0.000542717,0.00938529,0.096144918,0.006948339,0.002468012,0.008653361,0.007881179,0.003154904,0.003614408,0.010450012
0.024002421,0.00437326,0.469875689,0.006059862,0.004316745,0.154269441,0.071188724,0.00455965,0.122451516,0.001484946,0.011669766,0.002617567,0.000790255,0.000480356,0.01097871,0.076754611,0.004440988,0.003008885,0.007122199,0.005196542,0.001157555,0.002888451,0.00913546
0.01837375,0.00456945,0.434983135,0.002344408,0.005420695,0.262162227,0.048728517,0.002875958,0.081303194,0.001327721,0.00549273,0.004071262,0.000717726,0.000399755,0.01075415,0.071976828,0.00612513,0.001580282,0.017561918,0.005611418,0.002069725,0.003298476,0.006040631
0.009642452,0.002935351,0.395708475,0.003740841,0.004755572,0.230640314,0.059819736,0.004061265,0.083135546,0.002264004,0.001986831,0.004091255,0.00095021,0.00052304,0.012253803,0.130247205,0.00697191,0.002813904,0.019039634,0.007886625,0.003790238,0.004506898,0.006964837
0.020406841,0.004901964,0.439735934,0.004710071,0.005591202,0.194513723,0.063552085,0.004361442,0.104566437,0.002025861,0.005424949,0.003131796,0.000765387,0.000438446,0.016559971,0.091817377,0.005692232,0.001597834,0.009388827,0.006169392,0.003059551,0.003825567,0.006555128
0.028307015,0.003565292,0.45907407,0.00678051,0.004170205,0.194757716,0.056414946,0.003918849,0.104505444,0.00215266,0.006423764,0.003163157,0.00061819,0.000537005,0.014533424,0.074142329,0.005780299,0.002217729,0.006767872,0.005986136,0.000861939,0.002809519,0.011630252
0.021180109,0.00688729,0.418154192,0.004281506,0.005855764,0.226602213,0.05474139,0.003123765,0.103181582,0.001403973,0.005158516,0.004005004,0.000691466,0.000391385,0.011967131,0.086934668,0.006825687,0.005738104,0.007514069,0.00650651,0.002330109,0.004785309,0.009974658
0.034980594,0.006043036,0.430884723,0.005106066,0.007045211,0.224506814,0.055686885,0.004004364,0.077460952,0.002284773,0.004307878,0.003888932,0.000743027,0.000420954,0.013531624,0.085130378,0.006988628,0.00290962,0.008684616,0.007944203,0.001725129,0.003676379,0.009003068
0.010829055,0.003549031,0.416279854,0.003066239,0.004476802,0.222482978,0.063697017,0.003931318,0.105708802,0.002158471,0.00378233,0.004307288,0.000954678,0.000489582,0.013278363,0.086042852,0.009391414,0.005534944,0.006705316,0.010980043,0.003197219,0.004250737,0.013908925
0.012293271,0.003962762,0.39555686,0.002472441,0.005727157,0.234279778,0.046319943,0.004767396,0.108329617,0.000390023,0.006102791,0.004363836,0.000664663,0.000529729,0.00688701,0.110651667,0.00862657,0.004058149,0.008955766,0.009902975,0.004097485,0.003813338,0.016107448