ID,C14:0,C15:0,C16:0,C16:1n-7,C17:0,C18:0,C18:1n-9,C18:1n-7,"C18:2 n-6, LA","C18:3 n-6, GLA","C18:3 n-3, ALA",C20:0,C20:1n-9,C20:2n-6,C20:3 n-6,"C20:4n-6, AA",C22:0,"C20:5n-3, EPA",C22:4n-6 ,C24:0,C24:1n-9,"C22:5n3, DPA","C22:6n3, DHA"
413502-001,-2.093801143,-2.723541015,-0.377086492,-2.644262496,-2.464037493,-0.595456107,-1.325836539,-2.438839893,-0.963960382,-3.383672089,-2.815569872,-2.129464805,-3.22337435,-3.344289241,-2.272093284,-1.044778899,-2.010883699,-2.708830541,-2.078206895,-2.014278306,-2.841654152,-2.57494983,-1.986774918
413502-002,-2.12329518,-2.702019226,-0.359527147,-2.443660675,-2.411605787,-0.630911246,-1.237107639,-2.447867837,-0.946730703,-3.113746528,-2.238727009,-2.224192473,-3.136091747,-3.365357497,-2.349306511,-1.138757871,-2.086895545,-2.105530268,-2.316473665,-2.059583092,-2.833649664,-2.526005829,-1.988271883
413502-003,-1.944468329,-2.467236273,-0.389296474,-2.610942668,-2.333578607,-0.623941522,-1.341520583,-2.576117737,-0.874269056,-3.340659292,-1.796445771,-2.362731671,-3.299393343,-3.418058114,-2.476705077,-1.057312752,-2.184048874,-2.619076929,-2.20598305,-2.099681688,-2.879920075,-2.717229942,-2.060037168
413502-004,-1.916121964,-2.46534372,-0.33293471,-2.256629931,-2.334859008,-0.66988864,-1.327932059,-2.354593982,-0.94718229,-2.974627997,-2.390788212,-2.278438372,-3.269288046,-3.366926169,-2.135205092,-1.188848531,-2.062523289,-2.10635267,-2.439120041,-2.045438612,-2.703122539,-2.4985064,-1.938969376
413502-005,-1.992233547,-2.600705428,-0.372532397,-2.479013154,-2.338259792,-0.593610108,-1.32477162,-2.393527061,-1.038751617,-3.096222101,-2.639601724,-2.333983061,-3.222371221,-3.339581062,-2.127855284,-1.031386536,-2.062978288,-2.428238444,-2.138552139,-2.04707468,-2.647746065,-2.542959047,-1.909298041
413502-006,-2.009675573,-2.516029624,-0.350725122,-2.440355846,-2.281603814,-0.614403175,-1.312738602,-2.368428664,-1.049696133,-3.246536102,-2.541212403,-2.256081552,-3.211395684,-3.331693103,-2.267343336,-1.115021532,-2.033364732,-2.011804446,-2.32063953,-2.039725345,-2.658253104,-2.435135021,-1.87890749
413502-007,-1.945619723,-2.529065091,-0.359816037,-2.506233754,-2.266184671,-0.633219031,-1.445604563,-2.465709442,-0.895422044,-3.199148401,-1.951072171,-2.276582094,-3.2824076,-3.336080473,-2.329394538,-1.168716068,-2.07950052,-2.041658421,-2.438119582,-2.010882022,-2.650260742,-2.46596815,-1.899305024
413502-008,-2.174103885,-2.62253779,-0.356229481,-2.493706256,-2.327953801,-0.629749351,-1.375911077,-2.388934559,-1.030593926,-3.252067407,-2.022869432,-2.329077297,-2.876007257,-3.471267927,-2.330572582,-1.026373277,-2.097257622,-1.99196934,-2.462102471,-2.056317069,-2.509678203,-2.553603209,-1.827407823
413502-009,-1.62777848,-2.608849709,-0.355934572,-2.300326723,-2.379054878,-0.706966567,-1.05428503,-2.219758496,-0.942418072,-3.533416012,-2.25778991,-2.145904161,-2.823279645,-3.557572361,-2.602701709,-1.259415627,-2.14141878,-2.044150339,-2.443206142,-2.18078786,-2.73435159,-2.559574329,-1.858633134
413502-010,-1.661618308,-2.491543563,-0.360014163,-2.455077362,-2.306115073,-0.624112259,-1.376318437,-2.396672079,-0.961659915,-2.577132419,-2.352791354,-2.338598837,-3.23704802,-3.395316738,-2.023329923,-1.155728418,-2.158012342,-2.042264243,-2.389166427,-2.206090266,-2.859769946,-2.523005149,-1.920042424
413502-011,-2.151311967,-2.551787342,-0.357712834,-2.536552705,-2.255109922,-0.595319879,-1.373865687,-2.392155697,-1.062467032,-3.151191034,-2.172269711,-2.295429649,-3.124306801,-3.26754212,-2.215096653,-1.066788308,-2.070185693,-2.030063587,-2.451535268,-2.027980888,-2.571994516,-2.461794059,-1.949400587
413502-012,-2.103170442,-2.68929228,-0.341447157,-2.357961247,-2.40624204,-0.62330478,-1.354050554,-2.385194783,-1.110680159,-2.909574958,-2.258701573,-2.317836136,-3.241637807,-3.293578104,-2.150381243,-1.032100727,-2.043516979,-2.28879068,-2.174250485,-1.973473012,-2.610937413,-2.401367421,-1.97068629
413502-013,-1.944900568,-2.544732084,-0.364287626,-2.371564472,-2.325429518,-0.568229358,-1.259093176,-2.375948765,-1.052642001,-3.23821254,-2.376404641,-2.289804055,-3.017411859,-3.300342896,-2.2635506,-1.167331559,-2.189770627,-2.466671786,-2.142560077,-2.099117291,-2.700149586,-2.602940321,-1.980272987
413502-014,-2.000985477,-2.647132901,-0.328922848,-2.294311306,-2.354680921,-0.624043261,-1.357146172,-2.347023803,-1.184316346,-3.213730333,-2.223673223,-2.321865846,-3.119526795,-3.385364221,-2.328689515,-1.114609154,-2.109473739,-1.897938489,-2.292498972,-1.994054303,-2.544184956,-2.286826393,-1.736757216
413502-015,-2.176455153,-2.588225913,-0.357383972,-2.498366974,-2.284057531,-0.613471607,-1.332149519,-2.362216955,-1.007209723,-3.232495338,-2.293184421,-2.353011079,-3.159131979,-3.328376258,-2.238253084,-1.133932999,-2.075047516,-2.132921978,-2.184617565,-1.933436935,-2.497262846,-2.372540324,-1.780463237
385470-002,-2.324682727,-2.785881084,-0.372804187,-2.670263742,-2.511784555,-0.630927416,-1.223160331,-2.48533821,-0.882132356,-2.864477179,-2.845196306,-2.480433155,-3.442518266,-3.546118626,-2.166667885,-1.043284888,-2.259882484,-2.752149173,-2.040835078,-2.370188004,-3.147260166,-2.610600044,-2.091708401
385470-005,-2.140161284,-2.607861803,-0.36174589,-2.535895913,-2.318395844,-0.605835349,-1.282506978,-2.331196303,-0.952057787,-3.121685021,-2.540462447,-2.506619794,-3.437508341,-3.450969542,-2.290069434,-1.097657801,-2.346368266,-2.253157086,-2.285225076,-2.339055291,-2.955259929,-2.526739783,-1.838413342
385470-006,-1.733593891,-2.396761968,-0.341547292,-2.457374566,-2.307249801,-0.645466493,-1.22420134,-2.36460197,-0.964620053,-3.151738449,-2.46062825,-2.487664626,-3.485405488,-3.474219602,-2.170520016,-1.156229693,-2.324721919,-2.733191682,-2.21979129,-2.435000372,-3.071486322,-2.670666377,-1.997032124
385470-007,-2.077272452,-2.584351176,-0.363189888,-2.60745263,-2.397442901,-0.639657451,-1.237540053,-2.431057325,-0.880082508,-2.914453459,-2.601849498,-2.48354444,-3.403311483,-3.543609373,-2.075955556,-1.095779997,-2.271726989,-2.812276296,-2.164495596,-2.334136597,-2.941258556,-2.643328096,-2.099315935
385470-008,-1.915238594,-2.526704431,-0.378186736,-2.442855272,-2.312491824,-0.607729045,-1.282344685,-2.351838654,-1.004122287,-3.159700811,-2.256901316,-2.409620347,-3.275928881,-3.402533145,-2.167133595,-1.051417779,-2.238380668,-1.955663278,-2.221328717,-2.333424104,-2.884447987,-2.497840417,-1.791287085
385470-009,-1.938193999,-2.362628378,-0.367246793,-2.177619219,-2.195910045,-0.636008723,-1.205669982,-2.343105735,-1.111315721,-2.961739053,-2.768395248,-2.528087115,-3.535444677,-3.639223998,-2.118178534,-0.934431108,-2.357710952,-2.748754041,-1.961392609,-2.300998988,-2.897753382,-2.586673052,-2.022988028
385470-010,-2.201541617,-2.568468061,-0.376265884,-2.615208261,-2.278962318,-0.627676193,-1.243837723,-2.291754553,-0.929341482,-3.267662953,-1.964979644,-2.420826486,-3.27997766,-3.404246137,-2.270101754,-1.089607687,-2.317754017,-2.127885783,-2.317096251,-2.361123752,-2.842167433,-2.417658086,-1.760648048
385470-011,-1.955462243,-2.624723227,-0.324370132,-2.330572271,-2.335178741,-0.65568087,-1.298559629,-2.319258252,-1.114633816,-3.109220763,-2.21246595,-2.496291029,-3.239023944,-3.538468042,-2.412513889,-1.104033847,-2.352420971,-1.73010127,-2.483582316,-2.500281944,-2.93088019,-2.333918295,-1.67318679
385470-012,-1.881712691,-2.615679779,-0.330902408,-2.288801082,-2.431493541,-0.655398732,-1.244943115,-2.390052658,-1.028539535,-2.816961369,-2.677113024,-2.574218934,-3.247964263,-3.405222321,-2.149595877,-1.079966107,-2.385284135,-2.393550838,-2.238726908,-2.400394013,-2.992914144,-2.536937074,-1.876384649
385470-013,-1.768578861,-2.435794954,-0.357206014,-2.496463081,-2.308006771,-0.667326292,-1.272265221,-2.358569317,-0.90550247,-2.963237255,-2.381238835,-2.541767458,-3.402080337,-3.465202764,-2.209566643,-1.038819501,-2.424903511,-2.436516677,-2.414517906,-2.578077074,-3.147012188,-2.503029373,-2.018416382
385470-014,-2.05467355,-2.517395983,-0.360119757,-2.430337489,-2.239413945,-0.647562576,-1.290517043,-2.345895481,-0.950893433,-3.349732707,-1.955714751,-2.428331264,-3.456431949,-3.5397665,-2.351410488,-1.082952069,-2.338698525,-1.956428155,-2.642425441,-2.38818962,-2.736120757,-2.313257216,-1.815802575
385470-015,-2.071997394,-2.656288942,-0.337941015,-2.600383236,-2.359459787,-0.630539238,-1.323748654,-2.417955838,-0.98763925,-3.204845254,-2.708017005,-2.480587373,-3.413760915,-3.404434413,-2.30778515,-1.103375063,-2.230563027,-2.080383137,-2.389809799,-2.22786521,-2.697162989,-2.261888862,-1.906902827
385470-016,-1.908722175,-2.45086949,-0.351334261,-2.378784825,-2.300701115,-0.673543426,-1.214036972,-2.375250509,-0.900191752,-3.118059998,-2.439548216,-2.516071652,-3.420409615,-3.475605469,-2.184395832,-1.117320426,-2.295854646,-2.594573628,-2.363967778,-2.294884497,-2.771497268,-2.481654298,-2.005739423
385470-017,-1.95770021,-2.561130034,-0.376064044,-2.537173006,-2.396530791,-0.64382462,-1.25065001,-2.402831149,-0.875601584,-3.115416772,-2.438812427,-2.494469192,-3.367146036,-3.368340334,-2.172723336,-1.07329989,-2.366600203,-2.653132151,-2.128159534,-2.37221257,-2.88268852,-2.496424505,-1.930031981
385470-018,-2.103980026,-2.677784014,-0.357564682,-2.522899056,-2.385071154,-0.645086876,-1.3227076,-2.399760213,-0.943248637,-2.757967218,-2.469020729,-2.439340484,-3.408253692,-3.386427829,-2.138280316,-1.032642615,-2.239826716,-2.547081371,-2.140301759,-2.270607278,-2.783835431,-2.466377383,-1.983157839
385470-019,-1.585864953,-2.351203637,-0.344461388,-2.215149578,-2.261730585,-0.680311084,-1.179414738,-2.402313657,-0.982864526,-2.521109211,-2.378620826,-2.508094839,-3.435134587,-3.488752291,-2.113882599,-1.200883673,-2.331603631,-2.16662049,-2.447258728,-2.431611989,-2.900130105,-2.442099717,-1.852593464
385470-020,-1.304164903,-2.603372228,-0.320563566,-2.235073189,-2.403558519,-0.749648133,-1.131475344,-2.243406879,-1.027165438,-3.02319869,-1.843167713,-2.406800797,-3.193166135,-3.577307348,-2.49325212,-1.275981347,-2.50130616,-2.219413935,-2.536476968,-2.519656087,-2.936051761,-2.496369184,-1.990833218
385470-022,-2.190647278,-2.573105046,-0.37510085,-2.490441963,-2.330797868,-0.640167917,-1.272018961,-2.318532233,-0.871088662,-2.894109303,-2.50059628,-2.457399262,-3.39382435,-3.386853773,-2.207004159,-1.0588279,-2.2803797,-2.611907735,-2.165434205,-2.413176994,-2.920104547,-2.441322648,-1.977400074
385470-023,-2.076903536,-2.602600164,-0.364014522,-2.361230575,-2.386938121,-0.627913835,-1.223121527,-2.286012492,-0.932180548,-2.804763757,-2.495217109,-2.521907826,-3.3862975,-3.35884809,-2.052376432,-1.105694193,-2.363267381,-2.580847211,-2.148201537,-2.42024761,-2.930403593,-2.409623849,-1.969183136
385470-024,-1.717041342,-2.488228912,-0.368634464,-2.404645877,-2.250583457,-0.652414195,-1.246183935,-2.306173488,-0.907165663,-2.913252493,-2.499732527,-2.555082954,-3.409938855,-3.419091391,-2.287598459,-1.062180303,-2.445378804,-2.301570402,-2.396422032,-2.628195855,-3.219134412,-2.471882155,-1.893442504
385470-025,-2.078388219,-2.588240892,-0.359685261,-2.387246374,-2.303539363,-0.681051754,-1.186552621,-2.367775675,-0.923643359,-2.837563967,-2.368712217,-2.499309482,-3.439032854,-3.560290106,-2.243700736,-1.057830073,-2.335573025,-1.968724196,-2.334313243,-2.414118635,-2.945468604,-2.444310125,-1.938198358
385470-026,-1.942642088,-2.453406321,-0.359404113,-2.499465487,-2.279568384,-0.643715641,-1.227153042,-2.357417541,-0.949518966,-3.128075181,-2.35892437,-2.513978104,-3.355056375,-3.467495884,-2.179379305,-1.102838598,-2.353332598,-2.178144127,-2.299655165,-2.368098681,-2.862106154,-2.311496793,-1.911020441
385470-027,-2.049969718,-2.492972839,-0.353057379,-2.423505459,-2.267173269,-0.647046398,-1.253110623,-2.279198184,-0.903287077,-3.141292458,-2.466655125,-2.580887524,-3.349321069,-3.430245841,-2.351070314,-1.118793909,-2.440059881,-2.185691339,-2.371096922,-2.514344806,-2.97423456,-2.507168822,-1.940673907
385470-028,-2.010307025,-2.493183537,-0.359892186,-2.326387722,-2.295897304,-0.662329765,-1.231273668,-2.282748978,-0.862228491,-3.108272555,-2.381303077,-2.511517168,-3.334409483,-3.40135608,-2.215091283,-1.189698141,-2.371550543,-2.126542749,-2.485677108,-2.516999528,-2.889501545,-2.355349298,-1.847823667
385470-029,-1.613354139,-2.455375895,-0.356773022,-2.448806585,-2.308978285,-0.666092209,-1.267192857,-2.44846681,-0.900765564,-2.485918663,-2.219467477,-2.491346614,-3.476052668,-3.486429026,-2.229568266,-1.142566835,-2.437051778,-2.236609869,-2.405364116,-2.702267335,-3.150133432,-2.511026867,-1.912258992
385470-030,-2.108942676,-2.555518033,-0.356796598,-2.539679926,-2.334453639,-0.659692928,-1.27139782,-2.350327936,-0.873870969,-3.217260008,-2.59521492,-2.553783285,-3.406882875,-3.3945218,-2.350504951,-1.040049226,-2.391967694,-2.627896663,-2.254963286,-2.562113433,-2.997374098,-2.50045277,-2.011836054
390979-001,-2.129821491,-2.610352896,-0.335706529,-2.551052476,-2.30624295,-0.610963214,-1.288718526,-2.349564457,-0.959150824,-3.101474691,-2.401184179,-2.603565354,-3.318046703,-3.323741811,-2.28985192,-1.17028152,-2.612659225,-2.398081891,-2.398164212,-2.741221895,-3.170928915,-2.495686613,-1.897158534
390979-002,-1.912858567,-2.593198851,-0.298837412,-2.236344469,-2.335434128,-0.625395231,-1.370607383,-2.326281334,-1.173902026,-3.158872832,-2.345033438,-2.589320558,-3.412719992,-3.444086288,-2.400955013,-1.163563215,-2.566433597,-1.905610256,-2.540969888,-2.735527513,-3.13183854,-2.404274924,-1.824884468
390979-003,-1.705906679,-2.554196369,-0.295205965,-2.206519957,-2.399226393,-0.696128182,-1.217291651,-2.394799409,-0.981912411,-3.165680603,-2.395467559,-2.642174051,-3.367204111,-3.332248213,-2.17683988,-1.26588356,-2.530601331,-2.900889915,-2.311037078,-2.644723847,-3.291541682,-2.715015985,-2.137329412
390979-004,-1.846181024,-2.496519823,-0.339242405,-2.306194527,-2.229059476,-0.614238659,-1.248673871,-2.393937217,-0.995933587,-3.126157291,-2.342229765,-2.536442265,-3.396729436,-3.316111523,-2.159367557,-1.174959754,-2.509431069,-2.513346737,-2.296226414,-2.623346587,-3.168325249,-2.639353371,-2.034718925
390979-005,-1.974464754,-2.493185411,-0.361003551,-2.266614245,-2.198215067,-0.628740948,-1.14458789,-2.287558219,-0.92346192,-3.169359598,-1.947565957,-2.425387325,-3.199264399,-3.370981855,-2.274659538,-1.205420938,-2.468399186,-2.932522503,-2.274256307,-2.548435908,-3.071087428,-2.613464491,-2.197362558
390979-006,-1.862876791,-2.462683531,-0.35963269,-2.506334755,-2.235741946,-0.599709493,-1.27361223,-2.415974114,-0.922890303,-3.193727326,-2.285788409,-2.448796715,-3.373757387,-3.402823273,-2.477862705,-1.20520121,-2.373209221,-2.117442397,-2.431022777,-2.56170504,-3.113868128,-2.521853711,-1.967190343
390979-007,-1.93467779,-2.501473059,-0.327026495,-2.325543763,-2.316304853,-0.644649226,-1.292704175,-2.397654533,-0.92459213,-2.987206915,-2.410454436,-2.58600578,-3.463082968,-3.314385196,-2.181546977,-1.2066868,-2.444354691,-2.471241085,-2.531951218,-2.599454943,-3.164950817,-2.553489161,-1.965947543
390979-008,-1.836062203,-2.469211532,-0.325204405,-2.282903066,-2.286264512,-0.635347705,-1.285696989,-2.424083825,-1.034926342,-2.620326768,-2.509360512,-2.643436025,-3.40723383,-3.411201923,-2.144354178,-1.11940349,-2.534105033,-2.266644734,-2.465840037,-2.650924661,-3.122939242,-2.634536379,-1.993037479
390979-009,-1.864865819,-2.408196351,-0.328444244,-2.413914029,-2.254855513,-0.624100419,-1.252404519,-2.392592344,-1.053721788,-2.898543909,-2.607560052,-2.561038126,-3.464270877,-3.497464184,-2.245149403,-1.123738352,-2.400146818,-2.499639263,-2.248463903,-2.562660523,-3.296667259,-2.550492883,-1.993216859
390979-010,-1.765860424,-2.420017931,-0.314689498,-2.211728169,-2.235661296,-0.678316578,-1.238651858,-2.34014903,-0.981017302,-2.673775961,-2.336525363,-2.592772167,-3.148836358,-3.368882767,-2.142470387,-1.197119798,-2.507480484,-2.457900072,-2.340002271,-2.797565324,-3.461946722,-2.643415245,-2.040595977
390979-011,-1.921011048,-2.561755061,-0.319899053,-2.342974289,-2.292329764,-0.627228339,-1.26680833,-2.430107985,-1.047139892,-2.849647194,-2.321539858,-2.519817083,-3.407952651,-3.445909814,-2.324468117,-1.163129115,-2.40857496,-2.357202662,-2.441357774,-2.634993153,-3.198265877,-2.665607976,-1.9029879
390979-012,-2.152857623,-2.657225872,-0.306992592,-2.297499791,-2.440644605,-0.666631082,-1.292307091,-2.346683972,-1.008031198,-3.10660308,-2.666749549,-2.623668092,-3.393018645,-3.395193068,-2.137175135,-1.094286775,-2.511606151,-2.606326482,-2.401014077,-2.576058684,-3.01148944,-2.622905281,-2.003816905
390979-013,-2.23034283,-2.609753068,-0.314044334,-2.468294751,-2.340431006,-0.661499168,-1.303364207,-2.352606732,-1.022696298,-3.094165566,-2.627997364,-2.592915538,-3.426500929,-3.490010625,-2.329350953,-1.054859526,-2.422260721,-2.375012278,-2.42535728,-2.522043269,-2.965335994,-2.67836632,-1.860040055
390979-014,-1.920004227,-2.621541564,-0.322789023,-2.19877418,-2.427210164,-0.639375239,-1.270567623,-2.388182248,-0.969666292,-2.851079029,-2.467890949,-2.563078449,-3.358019728,-3.330832242,-2.100911185,-1.18803937,-2.429388034,-2.675667358,-2.408440062,-2.556660015,-2.994738009,-2.663709966,-2.087088676
390979-015,-1.791657375,-2.543072754,-0.338959685,-2.431054687,-2.37500499,-0.628369734,-1.284534749,-2.455690267,-0.934814213,-3.030145861,-2.139400289,-2.433149046,-3.359744853,-3.367117863,-2.23442019,-1.231152824,-2.334749448,-2.461035435,-2.408851422,-2.438627941,-2.937488132,-2.702784575,-1.93636526
390979-016,-1.860809819,-2.53788636,-0.336117264,-2.465772529,-2.358232147,-0.662638415,-1.188196171,-2.372463311,-0.88583361,-3.445025462,-2.092110933,-2.431421786,-3.250222984,-3.292109179,-2.237649619,-1.294938335,-2.372043254,-2.464649927,-2.468513663,-2.446720149,-3.073562508,-2.708363625,-1.993256891
390979-017,-1.605585352,-2.38752299,-0.295641926,-2.350897858,-2.226612186,-0.614380898,-1.408073297,-2.373639148,-1.095890392,-3.573307894,-2.26926257,-2.406982989,-3.317112225,-3.613740478,-2.674703771,-1.419072162,-2.41949899,-1.785393061,-2.999547015,-2.646550884,-2.966563933,-2.564613799,-2.018089297
390979-018,-1.536168066,-2.480985497,-0.27424631,-2.206699545,-2.367653529,-0.69722698,-1.281126756,-2.460042116,-1.184579566,-3.055919286,-2.240113365,-2.5423957,-2.962836916,-3.479801363,-2.42313154,-1.298867937,-2.48479973,-1.890384646,-2.577724872,-2.622252152,-2.95412679,-2.427852944,-1.931560349
390979-019,-1.964577509,-2.564483288,-0.327561252,-2.442145442,-2.398681694,-0.637504667,-1.267157451,-2.433475596,-0.955956283,-3.26658306,-2.572688537,-2.577260551,-3.369338392,-3.395404412,-2.181738906,-1.154862192,-2.416827858,-2.566413673,-2.370556788,-2.567481184,-3.067947792,-2.623961532,-2.035281945
390979-020,-1.756936241,-2.467644443,-0.314012147,-2.334243469,-2.313807306,-0.682557792,-1.212409567,-2.364668144,-0.97288087,-3.320850499,-2.460912809,-2.539631817,-3.315714734,-3.410119802,-2.330279574,-1.193445025,-2.443671127,-2.336098012,-2.479190372,-2.657450392,-3.299780152,-2.586727624,-1.96637225
390979-021,-1.764455131,-2.532441592,-0.312329384,-2.506911597,-2.302404399,-0.640745811,-1.374466388,-2.451502472,-0.987755742,-2.998880707,-2.42948752,-2.521572621,-3.260162926,-3.417535866,-2.414634101,-1.186945097,-2.440152275,-2.121888945,-2.50041025,-2.607245568,-3.035773267,-2.550760033,-2.056073635
390979-022,-1.808975587,-2.461986057,-0.313588541,-2.402189513,-2.255895007,-0.659290241,-1.220235356,-2.395323994,-0.951882938,-3.085850189,-2.42044224,-2.57066748,-3.246565657,-3.376916893,-2.347416032,-1.262373438,-2.500363019,-2.539118963,-2.526542871,-2.64486717,-3.149895671,-2.829998046,-2.042459656
390979-023,-2.096688691,-2.51944625,-0.363251762,-2.314527196,-2.249340604,-0.595439298,-1.285042349,-2.389481336,-0.953125442,-3.034160873,-2.493700159,-2.476729227,-3.372373905,-3.372786117,-2.211271205,-1.095282683,-2.309400105,-2.502407018,-2.427309564,-2.402544783,-2.842316251,-2.581459226,-2.046917419
390979-024,-1.783347304,-2.564238082,-0.316398911,-2.394761607,-2.314632633,-0.658796777,-1.328529921,-2.422971368,-1.054832269,-3.187799461,-2.644088159,-2.578418721,-3.504355683,-3.567516042,-2.482363957,-1.086055213,-2.376197828,-1.93218556,-2.465598233,-2.468955419,-2.874879,-2.550390546,-1.904816823
390979-025,-1.866213717,-2.463623975,-0.317436271,-2.377830546,-2.27951997,-0.641847213,-1.275106349,-2.492079713,-1.022137691,-2.578242341,-2.427657831,-2.554673654,-3.370226194,-3.404110272,-2.131723925,-1.167042286,-2.507433817,-2.302852814,-2.487963541,-2.52224412,-2.846358971,-2.55376725,-2.088718861
390979-026,-1.737394455,-2.419243151,-0.294888385,-2.294328379,-2.243721431,-0.663281107,-1.224978605,-2.451042231,-1.079974988,-2.741740098,-2.255013866,-2.56116894,-3.442697693,-3.464889482,-2.292788149,-1.23929205,-2.413681228,-2.726349317,-2.33294936,-2.494568893,-3.04232133,-2.703337159,-2.222333591
390979-027,-1.891241778,-2.616936179,-0.311980176,-2.294874144,-2.401828076,-0.642327003,-1.221550626,-2.414903298,-1.058168599,-2.824786865,-2.414640037,-2.504191432,-3.365664485,-3.354452318,-2.091773261,-1.179805307,-2.370566516,-2.799113596,-2.229168757,-2.407865406,-2.948220149,-2.668835135,-2.216803486
399513-001,-1.944601327,-2.557752627,-0.329571035,-2.342262841,-2.264541607,-0.647202236,-1.268834261,-2.394549067,-0.943196337,-3.389718339,-2.09588476,-2.396901259,-3.007032165,-3.318325305,-2.281318193,-1.243714848,-2.339038584,-2.264176975,-2.378239729,-2.373008939,-2.93282275,-2.512626267,-1.968304687
399513-002,-1.97160102,-2.560882811,-0.332988395,-2.459246563,-2.328638683,-0.614871855,-1.320075342,-2.436864643,-0.973203294,-3.218073037,-2.23362941,-2.416353596,-3.116014934,-3.188745936,-2.177663091,-1.191583785,-2.336004589,-2.53818443,-2.304838431,-2.311928515,-2.91690124,-2.618991823,-2.051342241
399513-003,-1.911867232,-2.482171322,-0.339189036,-2.389028385,-2.330080937,-0.621368991,-1.352197747,-2.498363695,-0.969695821,-2.909498853,-2.49692129,-2.420880341,-3.051943986,-3.289402423,-2.121269018,-1.157031396,-2.305178288,-2.169263048,-2.233441318,-2.294213277,-2.883293391,-2.637360158,-2.00522401
399513-004,-2.011848186,-2.573517618,-0.365872417,-2.673264506,-2.276446818,-0.59834435,-1.474769635,-2.570901979,-0.910796486,-3.118864564,-1.407794961,-2.209407724,-3.351576639,-3.342216451,-2.497862598,-1.247896382,-2.378268546,-2.218028735,-2.450637856,-2.329713982,-3.035103333,-2.579817866,-2.043699344
399513-005,-2.088401819,-2.594676405,-0.347838875,-2.385440482,-2.285469837,-0.602818734,-1.373176624,-2.456896163,-0.997055383,-2.959402829,-2.212198971,-2.348064802,-3.257025257,-3.303028076,-2.304597454,-1.132171993,-2.217992316,-2.044472285,-2.350587919,-2.232986625,-2.929969131,-2.412010925,-1.90403404
399513-006,-2.003421446,-2.525594541,-0.35256358,-2.559542383,-2.236133518,-0.557922985,-1.43616296,-2.526304437,-1.127091614,-2.976246889,-1.876104833,-2.29022313,-3.180428146,-3.379856213,-2.361625303,-1.229007215,-2.251179867,-1.589154359,-2.579228269,-2.27746083,-2.922624335,-2.212136257,-1.906527188
399513-007,-2.10479316,-2.589546219,-0.344751973,-2.482850096,-2.315375282,-0.588411188,-1.358919715,-2.439132189,-1.058830041,-2.988461268,-2.470553115,-2.42015267,-3.125309926,-3.368909067,-2.361610971,-1.079438288,-2.374540702,-1.962033143,-2.301007492,-2.499671525,-3.133036538,-2.581885166,-1.909374349
399513-008,-1.55954209,-2.445246732,-0.316842563,-2.346077152,-2.324451618,-0.611972675,-1.312707595,-2.574392758,-1.13984147,-2.686597225,-2.187561149,-2.342897615,-3.081591772,-3.449584112,-2.265652807,-1.264798404,-2.363680483,-2.214386002,-2.414197361,-2.414533526,-3.161061732,-2.536781789,-1.900387103
399513-009,-1.910904093,-2.41098588,-0.333124453,-2.303945037,-2.316293996,-0.611204591,-1.399625161,-2.45144862,-1.074608506,-2.932348686,-2.499247235,-2.425485643,-3.121520101,-3.330435933,-2.190234941,-1.055891601,-2.32506949,-2.478186835,-2.268626222,-2.278168952,-2.860341956,-2.591056676,-1.987133544
399513-010,-1.708616986,-2.466883104,-0.352170641,-2.404630879,-2.268549203,-0.593054129,-1.339866456,-2.436889552,-1.046920381,-2.841443295,-2.119242217,-2.24025552,-2.466120914,-3.262675598,-2.301360112,-1.213323453,-2.262719772,-2.21791663,-2.169147969,-2.251735749,-2.707323623,-2.47193641,-1.859569238
399513-011,-2.076132241,-2.607065982,-0.356098321,-2.477056129,-2.400487866,-0.570460721,-1.384041285,-2.488894832,-1.003733179,-3.249300592,-2.424630643,-2.195142265,-3.253265626,-3.376840828,-2.286741106,-1.103203084,-2.154187897,-3.21758876,-2.062534181,-2.151497149,-2.867392138,-2.767394414,-2.215975022
399513-012,-1.909671412,-2.504752899,-0.31743649,-2.435434071,-2.343350965,-0.617823335,-1.252302016,-2.410364055,-1.086625906,-2.837669103,-2.506168325,-2.334166691,-3.257174392,-3.429603305,-2.265712105,-1.179749021,-2.316601033,-2.50760108,-2.30955538,-2.271700837,-2.971584683,-2.592456695,-2.106534356
399513-013,-1.809146682,-2.602446511,-0.328309508,-2.557685966,-2.398763056,-0.613026838,-1.291749,-2.494675987,-1.015000312,-2.963349087,-2.497296852,-2.359790481,-3.100420504,-3.38839384,-2.237437056,-1.181948302,-2.324059036,-2.72656833,-2.224148174,-2.279645288,-2.893280142,-2.671447652,-2.113167395
399513-014,-2.137474462,-2.563392912,-0.352266982,-2.650515515,-2.388985234,-0.568362097,-1.372847211,-2.485118384,-1.037051703,-2.966251258,-2.56649182,-2.207937383,-3.085807931,-3.417101807,-2.24040222,-1.102621914,-2.171112934,-2.590241536,-2.135518787,-2.275284063,-2.936719181,-2.567594551,-2.030268815
399513-015,-1.858138268,-2.513444329,-0.349538287,-2.483048619,-2.43254228,-0.600650398,-1.329266448,-2.553025812,-1.005584213,-2.734154592,-2.500403619,-2.435089212,-3.245917456,-3.461424255,-2.171008709,-1.067276112,-2.360944447,-2.805599414,-2.102892944,-2.405699355,-3.2365157,-2.648130351,-2.205812756
399513-016,-1.651257226,-2.384378462,-0.34370289,-2.434453155,-2.298674865,-0.601254917,-1.366361585,-2.513731634,-1.043770784,-2.640076409,-2.23968924,-2.405040598,-3.187406503,-3.37631738,-2.203880555,-1.163096972,-2.437097312,-2.050458268,-2.344950719,-2.343676343,-2.999526748,-2.511945985,-1.982296365
399513-017,-1.794780206,-2.431309586,-0.332165163,-2.458893865,-2.28849764,-0.616552931,-1.347067714,-2.449679257,-1.002169051,-3.038677941,-2.731244504,-2.417111254,-3.208027513,-3.494868338,-2.371079662,-1.130591445,-2.280217745,-2.525633685,-2.335114773,-2.293470665,-2.888258354,-2.65502023,-2.075083437
399513-018,-1.933550962,-2.528144772,-0.322809853,-2.333542383,-2.322554511,-0.636307475,-1.326431414,-2.437608109,-1.02599389,-2.810751929,-2.499245937,-2.434644938,-3.260255826,-3.357715481,-2.161542021,-1.121679103,-2.320988189,-2.497597933,-2.326079183,-2.306367452,-2.842228254,-2.672161785,-1.970294459
399513-019,-1.96237191,-2.568351048,-0.307680309,-2.227087665,-2.336945055,-0.638615674,-1.305959496,-2.352536469,-1.117215134,-3.335922536,-2.599591916,-2.379638666,-3.200462651,-3.464056361,-2.347683406,-1.139311106,-2.182232529,-2.358983096,-2.38557264,-2.257631361,-2.836537289,-2.708453067,-1.86885942
399513-020,-2.126650246,-2.512928179,-0.336121547,-2.516507615,-2.239469938,-0.609966332,-1.344911288,-2.422200756,-1.02984855,-3.108105076,-2.443049164,-2.366628495,-3.202755283,-3.443765933,-2.464390046,-1.120873802,-2.177040255,-2.226950922,-2.344666013,-2.167866661,-2.78070387,-2.65732475,-1.840853949
399513-021,-1.916994515,-2.56658158,-0.325122953,-2.226316032,-2.374191798,-0.623451116,-1.306271958,-2.392312892,-1.023681929,-3.070676592,-2.442333546,-2.431855552,-3.266544442,-3.375603803,-2.254629235,-1.160514036,-2.258082042,-2.616627855,-2.327287645,-2.267099843,-2.838295723,-2.640745746,-2.018649621
399513-022,-2.043401164,-2.560970656,-0.320127646,-2.315156278,-2.287372293,-0.604095005,-1.318235591,-2.391348988,-1.071866817,-3.448512994,-2.471586371,-2.410112119,-3.151293837,-3.422031456,-2.330146243,-1.19568723,-2.248662986,-2.308795942,-2.35972501,-2.269204239,-2.850155357,-2.698171448,-1.904904547
399513-023,-1.803501084,-2.633666871,-0.30272347,-2.318073529,-2.348489203,-0.591932691,-1.417391594,-2.504081617,-1.276879568,-3.111692327,-2.634214466,-2.37899981,-3.25185869,-3.511045797,-2.475514951,-1.159758351,-2.248273023,-2.00338702,-2.472871216,-2.312518038,-2.840506317,-2.4393172,-1.845154643
399513-024,-1.863038236,-2.384751384,-0.343953424,-2.488193821,-2.362726074,-0.596656311,-1.383703391,-2.542202928,-1.075312552,-2.942927429,-2.50848048,-2.408100535,-3.264906924,-3.457962185,-2.266162393,-1.080317225,-2.260122878,-2.032988787,-2.364735117,-2.239601206,-3.005052573,-2.529677211,-1.87777961
399513-025,-1.793437777,-2.392779354,-0.318937412,-2.297029909,-2.223728325,-0.629211306,-1.263126564,-2.479119473,-1.105346866,-2.717420326,-2.330617986,-2.483255045,-3.233132875,-3.537902088,-2.306883979,-1.194472188,-2.450001894,-2.071977262,-2.358137048,-2.500687638,-3.155887431,-2.517898303,-1.855001268
402736-001,-2.046430109,-2.558169275,-0.315206628,-2.356640329,-2.446211656,-0.637779552,-1.324118096,-2.383418423,-0.964473053,-3.343366054,-2.36314922,-2.522506063,-3.373148714,-3.472534739,-2.445299856,-1.165708885,-2.482751602,-2.513926749,-2.593009867,-2.398967933,-3.269472517,-2.675641713,-2.013791544
402736-002,-1.648579731,-2.481783681,-0.328263641,-2.660123407,-2.382505116,-0.55863909,-1.321207661,-2.471087515,-1.154172403,-3.045532727,-2.307964604,-2.390781275,-3.352149689,-3.510656403,-2.363727553,-1.222034527,-2.39630098,-2.416022416,-2.512904559,-2.523408717,-3.194821675,-2.685421334,-2.082157152
402736-003,-1.831727912,-2.630144993,-0.353299757,-2.811889224,-2.403427921,-0.611190865,-1.311692626,-2.554491249,-0.896571865,-3.103169503,-1.944662665,-2.348895622,-3.180263329,-3.40955106,-2.506992136,-1.198143886,-2.48001809,-2.35890102,-2.546386126,-2.472560158,-3.213541845,-2.725527112,-2.007485363
402736-004,-1.820530964,-2.612473974,-0.301638547,-2.314495473,-2.563550648,-0.681260883,-1.30428074,-2.492558328,-0.960317823,-2.705513811,-2.350370488,-2.589440675,-3.437999677,-3.458429988,-2.225583395,-1.170888576,-2.534996934,-2.686939493,-2.525376176,-2.376227829,-3.240792791,-2.788531856,-2.157659454
402736-005,-1.984801629,-2.735401117,-0.281002212,-2.128411938,-2.585942035,-0.677497734,-1.270824352,-2.394485006,-0.997559107,-3.029203711,-2.363026187,-2.611575654,-3.324774309,-3.318486796,-2.13572588,-1.313809682,-2.583302049,-2.542009411,-2.564288227,-2.652651312,-3.074585636,-2.696774142,-2.114356489
402736-006,-1.876533623,-2.700810046,-0.268690258,-1.811533645,-2.678685672,-0.711563528,-1.287337819,-2.397255504,-1.223289411,-2.66733228,-2.712787324,-2.548517663,-3.397734833,-3.607965408,-2.27200933,-1.100066377,-2.471461529,-2.416920701,-2.451818061,-2.343621087,-3.055668187,-2.766916233,-2.083155439
402736-007,-1.749365593,-2.387179593,-0.301532273,-2.178440999,-2.382336988,-0.682102442,-1.330026725,-2.446893936,-1.000325815,-2.648764101,-2.439160624,-2.605953255,-3.429849014,-3.486351313,-2.221628146,-1.157006304,-2.600157127,-2.406274123,-2.565634764,-2.36242767,-3.154167876,-2.739238265,-2.082070647
402736-008,-1.827909106,-2.543312152,-0.318744717,-2.262450124,-2.354311858,-0.654099991,-1.282925732,-2.464469191,-0.999217606,-2.644896311,-1.50796435,-2.275432421,-3.242852922,-3.37884417,-2.300325501,-1.336875642,-2.595285437,-2.258666395,-2.599603583,-2.576985959,-3.214947423,-2.591401276,-2.134604144
402736-009,-2.006157482,-2.689423825,-0.336360418,-2.544167989,-2.43889951,-0.619907366,-1.352933396,-2.404595627,-0.870779921,-3.101756176,-2.272699018,-2.438115403,-3.221906112,-3.424555827,-2.43277431,-1.222476011,-2.405502792,-2.494310869,-2.44311748,-2.379574444,-3.006521346,-2.760773323,-2.274969199
402736-010,-2.13149025,-2.586155542,-0.337257406,-2.593015092,-2.361599172,-0.610299771,-1.31158528,-2.454400983,-0.925139474,-3.296389248,-2.557000757,-2.389138846,-3.406557983,-3.496803285,-2.320588229,-1.156417972,-2.416700419,-2.622062893,-2.546635083,-2.391793529,-3.206578658,-2.746717055,-2.094861723
402736-011,-1.74184451,-2.403513463,-0.313689557,-2.346820582,-2.368240574,-0.633637849,-1.396040548,-2.561992061,-1.009210886,-3.005034647,-2.510338916,-2.527476005,-3.438219357,-3.517319503,-2.266248631,-1.206888667,-2.378429036,-2.097962594,-2.39610789,-2.589006691,-2.984866032,-2.663554542,-1.906445921
402736-012,-1.921000183,-2.72646768,-0.321351773,-2.378956472,-2.474401196,-0.621031505,-1.308716532,-2.497845062,-1.0224698,-2.70073073,-2.437112821,-2.509480931,-3.406230505,-3.439451129,-2.172352005,-1.121250849,-2.417511945,-2.879908486,-2.391549239,-2.350263662,-3.018107111,-2.872359313,-2.175073414
402736-013,-2.166670069,-2.614520006,-0.321465147,-2.389054204,-2.378108266,-0.640363052,-1.373393001,-2.391151922,-0.971282165,-3.331886617,-2.370181055,-2.439411357,-3.352242036,-3.449848136,-2.4498985,-1.1266996,-2.288564128,-2.108070331,-2.321920451,-2.383894754,-2.909972453,-2.678277094,-1.986459438
402736-014,-2.045383777,-2.522715372,-0.351011128,-2.521094978,-2.252197845,-0.590455572,-1.436890435,-2.494359965,-0.974021384,-3.064397082,-2.03579838,-2.372363387,-3.255103208,-3.522782507,-2.385396249,-1.15283975,-2.346432127,-1.840225465,-2.40336375,-2.578244126,-2.946019343,-2.636595453,-1.928760682
402736-015,-2.0141159,-2.530160596,-0.335950132,-2.374871125,-2.386456278,-0.640383306,-1.233651763,-2.401370113,-0.919536399,-3.768604148,-2.13803689,-2.171708182,-3.189653513,-3.653468773,-2.833580597,-1.201793705,-2.165572075,-2.915302453,-2.341043233,-2.445445074,-3.106529356,-2.991769015,-2.249872244
402736-016,-1.915748493,-2.463817971,-0.316232626,-2.317632319,-2.328431854,-0.664426835,-1.309683532,-2.412175886,-0.896594635,-3.257620701,-2.324102082,-2.513409873,-3.392542581,-3.449034742,-2.531660167,-1.245577537,-2.40684703,-2.305060847,-2.44394363,-2.656583584,-3.030991274,-2.749153977,-2.044812811
402736-017,-1.810497419,-2.39790839,-0.307763223,-2.312161019,-2.312399383,-0.648790376,-1.33767227,-2.498108474,-1.0089269,-3.383133432,-2.102115091,-2.405807137,-3.427865925,-3.399698227,-2.413643094,-1.239343893,-2.316797255,-2.363169712,-2.3847086,-2.574840368,-2.991447373,-2.759834005,-1.880584755
402736-018,-1.712637733,-2.481630807,-0.337336838,-2.463675718,-2.380757559,-0.583207133,-1.410435298,-2.570702953,-0.987013358,-3.315270667,-2.607781284,-2.485704824,-3.272406262,-3.413189806,-2.341246575,-1.208796515,-2.355584581,-2.312001484,-2.311174714,-2.310421593,-2.966892599,-2.676843942,-2.104451316
402736-019,-1.967757772,-2.480760022,-0.31871014,-2.531038572,-2.357265259,-0.57759638,-1.359330878,-2.49658256,-1.116805557,-3.35037556,-2.924896933,-2.429789134,-3.183361963,-3.456601594,-2.483629907,-1.201863324,-2.345909801,-2.058826363,-2.365130515,-2.409396947,-2.941438856,-2.473776026,-1.928579739
402736-020,-2.006536824,-2.61829441,-0.318728552,-2.408539406,-2.373303246,-0.57624777,-1.460141855,-2.43328896,-1.248205393,-3.397720565,-2.359736972,-2.376362524,-3.338056925,-3.544840232,-2.548326544,-1.089280082,-2.262201397,-1.912613926,-2.370476526,-2.49011064,-2.850918975,-2.448028895,-1.833139711
402736-021,-1.943794644,-2.505497914,-0.353980905,-2.628421894,-2.391539482,-0.56907334,-1.42494871,-2.555563287,-1.035684409,-3.309814519,-2.829251839,-2.459819315,-3.277645617,-3.324865186,-2.264481466,-1.048804301,-2.277216581,-3.088066222,-2.177197493,-2.049169938,-2.877206643,-2.757853893,-2.1097383
402736-022,-1.97491072,-2.678976229,-0.314603845,-2.355710048,-2.449605167,-0.608791095,-1.388886513,-2.422666421,-1.138088462,-2.801264245,-2.716715484,-2.586960914,-3.386586983,-3.43515528,-2.257160657,-1.064628116,-2.441898473,-2.373325723,-2.285873312,-2.291597489,-2.803003515,-2.624351521,-1.997168103
402736-023,-1.871073519,-2.540860187,-0.324458657,-2.378191374,-2.357791608,-0.617053077,-1.37768372,-2.505177577,-1.064745048,-2.795849059,-2.602930312,-2.455259758,-3.407407786,-3.467655507,-2.210961751,-1.097895986,-2.248052192,-2.428113917,-2.192096911,-2.248848336,-2.883377236,-2.674380662,-2.048444361
402736-024,-2.266252833,-2.660583717,-0.336150376,-2.611486132,-2.375628661,-0.582317662,-1.406718377,-2.496991564,-0.98271063,-3.631516549,-2.612880969,-2.379164767,-3.251703391,-3.342117104,-2.382382142,-1.133071809,-2.216383181,-2.761003754,-2.233276963,-2.307753047,-2.764528624,-2.762954452,-2.070632245
402736-025,-1.906085232,-2.478638303,-0.319250831,-2.336300913,-2.346642201,-0.63202638,-1.299220528,-2.492353581,-0.969118108,-3.236009191,-2.481438238,-2.472833117,-3.306831125,-3.385545972,-2.159058835,-1.241278757,-2.314549534,-2.689006874,-2.293236161,-2.314755978,-2.86721975,-2.795316749,-2.065226154
402736-026,-1.81768477,-2.379568048,-0.314937406,-1.981254437,-2.198924817,-0.633625692,-1.311827551,-2.350865459,-1.2250519,-3.193928661,-2.755414261,-2.482316057,-3.44617223,-3.473479582,-2.160297099,-1.061682061,-2.283198015,-2.636450494,-2.290572834,-2.181480804,-2.860310781,-2.650029094,-1.972010766
402736-027,-2.003483141,-2.512025658,-0.334543367,-2.453078238,-2.357225186,-0.641247609,-1.350773931,-2.498637727,-0.911963983,-3.101493997,-2.520423216,-2.445795223,-3.373596476,-3.482356913,-2.381361512,-1.134661354,-2.263024099,-2.523158433,-2.285614583,-2.343501889,-2.902544034,-2.80462926,-1.982618523
402736-028,-1.973738049,-2.483709607,-0.376706022,-2.490066399,-2.258150141,-0.612324676,-1.394126909,-2.474998611,-0.926638538,-2.897621832,-1.515476821,-2.249114263,-3.283161112,-3.477095256,-2.415211021,-1.104415895,-2.428579471,-2.086413091,-2.517808211,-2.588647354,-3.047967585,-2.627225183,-2.048901489
402736-029,-1.581227752,-2.276628107,-0.29765948,-2.368630623,-2.337606344,-0.624269777,-1.422271512,-2.572679784,-1.11552191,-2.953552193,-2.69600886,-2.470186881,-3.384104197,-3.401930128,-2.267790619,-1.216514505,-2.37515644,-2.589582826,-2.366059095,-2.307264811,-2.943129016,-2.676331002,-2.125495288
402736-030,-2.064095513,-2.530399457,-0.322419519,-2.413485962,-2.295520559,-0.606933089,-1.329714712,-2.407949258,-0.98872261,-3.566456403,-2.697408808,-2.500258616,-3.409994236,-3.462263473,-2.390025764,-1.205399182,-2.377644834,-2.300160092,-2.370158434,-2.437963107,-2.901236525,-2.594893526,-2.052283244
402736-031,-1.862273068,-2.497911246,-0.313659465,-2.310717306,-2.392838884,-0.580418305,-1.388533727,-2.485054115,-1.09658496,-3.332229911,-2.647107669,-2.470529053,-3.409966692,-3.455869163,-2.379513471,-1.218912272,-2.372209449,-2.405239251,-2.384700321,-2.486630304,-2.919752155,-2.901091507,-1.949625466
402736-032,-2.083554948,-2.527887469,-0.325752653,-2.562470287,-2.295526974,-0.570762214,-1.378472091,-2.482477076,-1.047661274,-3.624473084,-2.661004687,-2.407704304,-3.325150705,-3.454830052,-2.371666036,-1.210683262,-2.327049786,-2.470311982,-2.29381419,-2.391457218,-2.843117742,-2.766367908,-1.949959763
402736-033,-2.13575499,-2.679222319,-0.322044034,-2.430492968,-2.52924604,-0.569485025,-1.406379259,-2.518355906,-1.08474992,-3.60369075,-2.760126782,-2.393198076,-3.288162574,-3.375900004,-2.39331958,-1.152912059,-2.250582553,-2.85665868,-2.18395288,-2.182103438,-2.754967479,-2.767223047,-2.08168861
402736-034,-2.125889337,-2.57744054,-0.303908694,-2.274425946,-2.422426807,-0.630285554,-1.35303867,-2.393150785,-1.076247199,-3.36167567,-2.741781967,-2.485162788,-3.386543591,-3.472600706,-2.355802418,-1.12847528,-2.347326108,-2.449935751,-2.322399188,-2.441605283,-2.80241873,-2.860534389,-1.898188418
402736-035,-2.017788121,-2.64531013,-0.341300013,-2.583841994,-2.329300518,-0.573149449,-1.345279588,-2.427086261,-1.009781437,-2.866803445,-2.333902171,-2.469168767,-3.195344294,-3.299701496,-2.168821843,-1.218181976,-2.409335058,-2.314980725,-2.322240457,-2.379102409,-2.777218514,-2.565282499,-1.967323886
402736-036,-1.980745857,-2.630073473,-0.33772321,-2.550979429,-2.482192989,-0.580214006,-1.344343912,-2.550930226,-1.052147904,-2.971276232,-2.649245698,-2.474963343,-3.291679588,-3.434391163,-2.091241591,-1.12511773,-2.293853626,-2.887974486,-2.238366083,-2.066181413,-2.894571248,-2.73182751,-2.158368999
402736-037,-2.244625246,-2.62910023,-0.378937747,-2.276468978,-2.329655583,-0.529933935,-1.302247836,-2.353754741,-1.018162408,-3.13355107,-2.621712534,-2.275194118,-3.032088033,-3.325742222,-2.269679054,-1.154930816,-2.419616935,-2.269146276,-2.373097097,-2.233632688,-2.900396297,-2.620188222,-1.99342707
402736-038,-2.091736755,-2.545167824,-0.338685041,-2.467299975,-2.336367453,-0.617895263,-1.26561341,-2.384453152,-0.980045808,-3.118958559,-2.175625817,-2.353484665,-3.216045526,-3.434494567,-2.29387654,-1.130684767,-2.317788445,-2.643836564,-2.400783762,-2.500107686,-2.902851318,-2.712272218,-2.066150683
402736-039,-2.000853287,-2.530212997,-0.337127559,-2.442803703,-2.404325847,-0.597678462,-1.3849223,-2.523266171,-1.041761753,-2.90015132,-2.836952874,-2.49517036,-3.385610309,-3.504211499,-2.288151486,-1.033533527,-2.312981919,-3.037130083,-2.261787878,-2.18661152,-2.874138945,-2.845924302,-2.192962862
407813-001,-1.8419475,-2.642625015,-0.300158481,-2.259310542,-2.467956801,-0.647063904,-1.369031478,-2.354969334,-1.193525163,-3.30327085,-2.434993319,-2.001909022,-3.376925869,-3.598525258,-2.51614714,-1.168978816,-1.990539047,-1.886530687,-2.544415387,-2.245464118,-3.205106954,-2.474993928,-1.81831462
407813-002,-1.892754862,-2.516831263,-0.316348239,-2.342083155,-2.414469579,-0.652951869,-1.320497802,-2.435322685,-0.977619415,-3.15965301,-2.340184848,-2.13196579,-3.43603217,-3.455833175,-2.206398787,-1.231962757,-2.098412145,-2.185365446,-2.584209454,-2.285921842,-3.234530191,-2.67519914,-1.985234298
407813-003,-2.07633737,-2.55990368,-0.355958257,-2.497198748,-2.474061638,-0.57623319,-1.354353106,-2.489862604,-1.021555384,-3.205896809,-2.591707937,-2.105921998,-3.009429281,-3.469125194,-2.380016046,-1.087308987,-2.058615078,-2.729631231,-2.335778309,-2.136585253,-2.929479266,-2.607083264,-2.045917099
407813-004,-2.135099982,-2.543480997,-0.353250123,-2.585983308,-2.348338258,-0.602516364,-1.349121825,-2.394179115,-0.985776746,-3.538742316,-2.525753069,-2.103488527,-3.448286411,-3.556756548,-2.456751688,-1.070871008,-2.013513235,-2.532672011,-2.249873827,-2.149172505,-3.092880155,-2.669478456,-2.070380481
407813-005,-1.892157546,-2.542824971,-0.287205827,-2.377461897,-2.409374867,-0.648510245,-1.307798957,-2.408758141,-1.103945234,-3.195070859,-2.587948648,-2.354496845,-3.401729936,-3.533168611,-2.41417253,-1.262188219,-2.28331784,-1.97001987,-2.516465673,-2.391422198,-3.032462275,-2.594989529,-2.007709791
407813-006,-1.933426803,-2.347661907,-0.366216901,-2.699644036,-2.160697063,-0.58753952,-1.286244212,-2.503169135,-0.93141592,-3.16237497,-2.685039337,-2.40842182,-3.475372476,-3.515404314,-2.491764929,-1.143996696,-2.245425562,-2.425768931,-2.253337824,-2.306679609,-2.994444108,-2.617465333,-2.188301783
407813-007,-1.929711517,-2.502088708,-0.332027422,-2.601893403,-2.396785387,-0.616791958,-1.32223388,-2.463478582,-0.982263283,-3.49843953,-2.558299639,-2.318535156,-3.472163482,-3.472735344,-2.329891243,-1.144490501,-2.192921888,-2.459595886,-2.357792185,-2.292724734,-3.073809597,-2.724721892,-2.063251944
407813-008,-1.771255701,-2.53816079,-0.327233297,-2.36176736,-2.448833062,-0.635998018,-1.350758535,-2.460505059,-1.038414864,-2.661238223,-2.421944433,-2.289065709,-3.511684922,-3.462946918,-2.177600067,-1.125290559,-2.193473615,-2.293410271,-2.291681135,-2.258775969,-3.007867796,-2.648740763,-1.93233056
407813-009,-2.279963009,-2.661671375,-0.338002378,-2.518063586,-2.379042948,-0.614647521,-1.336125945,-2.40565615,-0.953521927,-3.382923252,-2.727993581,-2.314778978,-3.479150598,-3.532823577,-2.419248535,-1.119963307,-2.185004837,-2.26297879,-2.399234429,-2.309727186,-3.041785177,-2.578114104,-2.008640356
407813-010,-1.670054111,-2.588709192,-0.28809242,-2.318957777,-2.506771178,-0.66411464,-1.239451389,-2.380176301,-1.076304668,-2.910233446,-2.216230702,-2.3215648,-3.219602698,-3.472138208,-2.437483994,-1.30991708,-2.304326195,-2.443088865,-2.570096146,-2.451346765,-3.320052659,-2.835289744,-2.120849029
407813-011,-2.01456021,-2.540195884,-0.333373451,-2.427222827,-2.342963218,-0.622078298,-1.301288352,-2.328952696,-0.967810289,-3.209959248,-2.456959309,-2.240308828,-3.286665844,-3.353725733,-2.296498035,-1.180060062,-2.116298072,-2.524146459,-2.484639483,-2.277309442,-2.966461069,-2.66952664,-2.046914821
407813-012,-1.43341723,-2.331627886,-0.344512171,-2.554598739,-2.421757883,-0.624422207,-1.408598427,-2.492511851,-0.977775463,-2.793726683,-2.134054592,-2.190182488,-3.244976101,-3.212693527,-2.16925416,-1.228665877,-2.185847878,-2.542688055,-2.311067842,-2.09918953,-2.840198651,-2.572779687,-2.278328277
407813-013,-1.999155526,-2.549586564,-0.345333018,-2.523744839,-2.327926887,-0.580446158,-1.39555333,-2.489234972,-0.990626085,-3.22211677,-2.485105446,-2.295149718,-3.409985888,-3.393129393,-2.252780048,-1.155829617,-2.249006775,-2.560390967,-2.3535424,-2.250314143,-2.89320379,-2.743599689,-1.915820123
407813-014,-1.894727083,-2.60063869,-0.33971867,-2.433432522,-2.37556487,-0.628144341,-1.317969029,-2.455138356,-0.983888099,-2.825036426,-2.186552372,-1.966235722,-3.450441062,-3.418984848,-2.196400185,-1.215506656,-1.933185334,-2.373139529,-2.375594805,-2.077171602,-2.931822327,-2.572449533,-2.044249016
407813-015,-2.128182241,-2.713537441,-0.388125441,-2.965828071,-2.430217785,-0.601206473,-1.216707439,-2.719820138,-0.865343393,-3.13572064,-2.818869707,-1.900507369,-3.015032199,-3.339230088,-2.432294566,-1.216942381,-1.771604047,-2.709143168,-2.363008151,-1.889874555,-3.147172676,-2.602730186,-2.166966496
407813-016,-1.779494457,-2.351922696,-0.341731529,-2.370285095,-2.376348912,-0.605399413,-1.363952361,-2.438734291,-1.052952319,-3.047786922,-2.385645339,-2.071780685,-3.220573145,-3.369980059,-2.236022954,-1.133814113,-2.0729018,-2.56215956,-2.399269827,-2.104224851,-2.789018492,-2.519299868,-2.021288296
407813-017,-2.034304891,-2.602746856,-0.334363888,-2.540659424,-2.43425493,-0.597056097,-1.355285086,-2.442773546,-0.964056056,-3.760851296,-2.529483308,-2.109609851,-3.395360305,-3.415916504,-2.476432469,-1.22772929,-2.035066828,-2.756614329,-2.328117192,-2.103288186,-2.816825491,-2.749739813,-2.124988936
407813-018,-1.957619425,-2.622100821,-0.335599929,-2.375249252,-2.429274861,-0.625235246,-1.336867338,-2.454684151,-1.015525322,-3.076606533,-2.498579942,-2.170286797,-3.414395675,-3.430678075,-2.129964654,-1.121537183,-2.101902448,-2.478673896,-2.209813418,-2.129271263,-2.869856907,-2.462131924,-2.043834565
407813-019,-2.020282947,-2.755582397,-0.327885387,-2.542492598,-2.485236486,-0.615011295,-1.268707534,-2.416401244,-0.983998467,-3.00700203,-2.401432803,-2.251653516,-3.356911986,-3.37165708,-2.26624271,-1.181371025,-2.281408524,-2.736725453,-2.35329526,-2.392478684,-3.195034665,-2.56157694,-2.200138229
407813-020,-2.017457312,-2.547192842,-0.342803444,-2.594632013,-2.387046164,-0.595146363,-1.37347671,-2.416926441,-0.981915995,-3.28810697,-2.455736793,-2.234520841,-3.369762784,-3.402754731,-2.271805889,-1.157219766,-2.15670472,-2.481652726,-2.283166848,-2.202981651,-2.933261717,-2.452245676,-2.019767443
407813-021,-1.945209935,-2.487256067,-0.354443963,-2.586334343,-2.375722619,-0.59581911,-1.328769775,-2.542611356,-1.010046406,-3.059238161,-2.650399397,-2.310514504,-3.417905903,-3.523059503,-2.326377994,-1.055618283,-2.217165393,-2.746669229,-2.225341426,-2.202462336,-2.891028321,-2.570799936,-2.05259287
407813-022,-2.073354909,-2.614387508,-0.335284425,-2.524916587,-2.418693998,-0.618324812,-1.316620352,-2.404004499,-0.944742418,-3.229538374,-2.207095194,-2.267638299,-3.35311896,-3.429421356,-2.353711382,-1.197790768,-2.225926996,-2.629604527,-2.250572762,-2.24167179,-2.893077554,-2.495915356,-2.092773078
407813-023,-2.074248786,-2.394435143,-0.316565327,-2.649401752,-2.054450433,-0.61028191,-1.497332173,-2.418827738,-1.079227381,-3.639036574,-1.899710097,-2.114143203,-3.030360056,-3.511102323,-2.765786844,-1.381117383,-2.144506431,-1.598863006,-3.030731583,-2.359613943,-2.560536641,-2.35427367,-1.729305901
407813-024,-2.077607903,-2.603869045,-0.360833418,-2.612866924,-2.370808291,-0.596545568,-1.40586842,-2.47203533,-0.976442711,-3.106912562,-2.481451828,-2.169866912,-3.377436356,-3.434244751,-2.321515563,-1.074535171,-2.063976353,-2.354536032,-2.260617139,-2.095508756,-2.778900517,-2.394219056,-1.926508887
407813-025,-1.998638614,-2.507637369,-0.346107086,-2.472641766,-2.33419494,-0.654673615,-1.301864477,-2.348388286,-0.940860327,-2.933972961,-2.106442863,-2.170385742,-3.360630181,-3.360670031,-2.220093969,-1.116528074,-2.085589355,-2.563418382,-2.162246721,-2.145036253,-2.865099125,-2.419903431,-2.11318621
407813-026,-1.918209829,-2.435191715,-0.303855437,-2.393486315,-2.229784667,-0.651239852,-1.377963857,-2.404812829,-1.069378088,-3.189198139,-1.923206917,-2.13221019,-3.033596145,-3.251562555,-2.411821142,-1.346194977,-2.163625799,-1.797414465,-2.700152502,-2.356161017,-2.660238663,-2.27809907,-1.812872738
WB-MHT1121,-1.789250744,-2.523627742,-0.336326892,-2.332146818,-2.520638274,-0.658763352,-1.302584446,-2.545038733,-1.00189733,-2.789948695,-2.404600207,-1.929626838,-3.559401047,-3.615584205,-2.2082675,-1.0822137,-1.976236988,-2.636576219,-2.198282234,-2.135322799,-3.519465274,-2.658000939,-2.500692698
WB-MHT1122,-1.970242081,-2.586378403,-0.36566358,-2.659077998,-2.458176431,-0.658175222,-1.289772022,-2.45841378,-0.758550946,-3.29838892,-2.589221379,-1.940606559,-3.367902003,-3.251161117,-2.225464134,-1.334487369,-1.938760062,-2.90987096,-2.444011113,-2.066483867,-3.356687095,-2.810158069,-2.299880859
WB-MHT1123,-1.62292897,-2.321516429,-0.349431542,-2.502043002,-2.33869378,-0.658370479,-1.268321828,-2.465264668,-0.911174579,-3.15377943,-2.48408887,-2.021764631,-3.476661777,-3.558610669,-2.239298372,-1.203420597,-2.056684147,-2.422520512,-2.526606708,-2.17190418,-3.224018921,-2.632597079,-2.135826559
WB-MHT1124,-1.820024734,-2.529235617,-0.337610378,-2.420951502,-2.387225727,-0.655999684,-1.188982033,-2.482868045,-1.041596813,-2.794411713,-2.672854808,-2.274071727,-3.423731896,-3.668912106,-2.199779617,-1.04740618,-2.268676363,-2.846843537,-2.109199736,-2.241446039,-3.172591401,-2.583711176,-2.429941991
WB-MHT1125,-1.728683412,-2.459500785,-0.341916352,-2.56850221,-2.408998103,-0.662056964,-1.147954151,-2.481706761,-1.05258979,-2.794631813,-2.715180433,-2.131810608,-3.218954127,-3.615604913,-2.158841106,-1.064302171,-2.106742071,-2.820610259,-2.247798879,-2.143589405,-3.142032143,-2.58881232,-2.488979419
WB-MHT1126,-1.809944684,-2.555431882,-0.355076856,-2.302001142,-2.499325389,-0.652836266,-1.32856918,-2.519229022,-0.975969541,-2.596703936,-2.472294375,-1.906364993,-3.531076602,-3.626888051,-2.108371197,-1.043277704,-1.922215573,-2.592888787,-2.347726528,-2.060737807,-3.055216421,-2.647899672,-2.364952838
WB-MHT1127,-1.735975122,-2.403158024,-0.347431196,-2.428121917,-2.309588979,-0.632779132,-1.153388339,-2.429560713,-1.067261932,-3.164867569,-2.326013608,-1.920531678,-3.279969651,-3.617072806,-2.190709127,-1.235018025,-1.947182934,-2.23684039,-2.447861018,-2.045363242,-3.104353227,-2.429048605,-2.077264157
WB-MHT1128,-1.733588181,-2.455975262,-0.35704666,-2.340816581,-2.436160118,-0.682902284,-1.099286504,-2.394317103,-0.934664606,-2.782782,-2.122976242,-2.028705553,-3.225148192,-3.509432807,-2.001949978,-1.212068998,-2.054739516,-2.876259166,-2.203644443,-2.123235134,-3.090280892,-2.754629163,-2.483571829
WB-MHT1129,-2.052898589,-2.46739862,-0.328214879,-2.464480296,-2.434988583,-0.695424515,-1.264899517,-2.410961792,-0.915514716,-2.824773461,-2.634534755,-2.250506738,-3.499044472,-3.56401116,-2.079553736,-1.075897554,-2.2448644,-2.716725371,-2.334209269,-2.315215799,-3.1631388,-2.7577864,-2.203797148
WB-MHT1130,-1.663171967,-2.381779921,-0.360787088,-2.43285491,-2.417607675,-0.645840168,-1.342684625,-2.519309428,-0.954882756,-2.976936924,-2.316430234,-1.915799587,-3.44127323,-3.553695119,-1.998014746,-1.10601334,-1.943595082,-2.689928026,-2.241800547,-2.055845988,-3.162237096,-2.531551993,-2.302422938
N-MHT1121,-1.83617598,-2.500512422,-0.335028555,-2.307941899,-2.495814971,-0.659966227,-1.291253531,-2.528673161,-1.005421032,-2.766174588,-2.412688575,-2.475949166,-3.475904316,-3.547181989,-2.148475293,-1.01833221,-2.447913831,-2.586249909,-2.090043938,-2.355120503,-3.118370309,-2.479175444,-2.367714519
N-MHT1122,-2.105132989,-2.61764689,-0.365852196,-2.668242484,-2.43796613,-0.640586773,-1.284348629,-2.438655931,-0.785573443,-3.270208891,-2.602622698,-2.512862769,-3.270139793,-3.166418834,-2.119317537,-1.212166295,-2.338326072,-2.904070436,-2.282664028,-2.189150833,-2.912013715,-2.642734652,-2.147887039
N-MHT1123,-1.664361527,-2.302177131,-0.352818271,-2.46617194,-2.303778224,-0.667351176,-1.248425036,-2.424577341,-0.898094973,-3.057548367,-2.43669656,-2.487561605,-3.386964757,-3.488481453,-2.163657992,-1.142867614,-2.385873436,-2.358445547,-2.459887973,-2.251616735,-2.840149423,-2.547012457,-2.030845199
N-MHT1124,-1.84308385,-2.499422857,-0.336649546,-2.386450218,-2.370368019,-0.672757708,-1.187760194,-2.469451065,-1.035459706,-2.755935514,-2.642740629,-2.564763833,-3.400842367,-3.605970033,-2.162572234,-1.021613873,-2.387774199,-2.792580571,-2.059412694,-2.165230873,-2.776166717,-2.530630359,-2.360772937
N-MHT1125,-1.765013854,-2.47805039,-0.341385261,-2.51144333,-2.391481651,-0.691731206,-1.11899362,-2.443044872,-1.013996558,-2.675886791,-2.658908567,-2.53678632,-3.125340973,-3.557453001,-2.104813674,-1.033086909,-2.329419272,-2.766924116,-2.214412353,-2.160282727,-2.800395919,-2.556263994,-2.428582048
N-MHT1126,-1.878532405,-2.549005311,-0.352530083,-2.281146205,-2.475545168,-0.64858525,-1.311818283,-2.463638022,-0.974592747,-2.538630035,-2.458096147,-2.546943529,-3.395729942,-3.533551903,-2.059068077,-0.989391635,-2.440670589,-2.525424436,-2.260777879,-2.318517242,-2.750844702,-2.561965145,-2.284659476
N-MHT1127,-1.75324729,-2.368178666,-0.334895321,-2.340662729,-2.267833204,-0.67097033,-1.104138295,-2.364231794,-1.005267889,-3.008153987,-2.243636568,-2.582582329,-3.271464446,-3.561084931,-2.145295275,-1.216160317,-2.479147984,-2.197696836,-2.499509302,-2.323562872,-2.92394525,-2.435104608,-2.046756449
N-MHT1128,-1.782705606,-2.452123421,-0.357320821,-2.328066702,-2.421893694,-0.687533673,-1.091940336,-2.395604577,-0.928876369,-2.701036712,-2.121221319,-2.429391024,-3.141812569,-3.439992592,-1.96682786,-1.151518872,-2.335914779,-2.832677611,-2.123792139,-2.192411235,-2.775456154,-2.677935782,-2.429988788
N-MHT1129,-2.121192719,-2.465839985,-0.334748975,-2.469790661,-2.417758248,-0.686354868,-1.258592978,-2.410696638,-0.923441625,-2.832325435,-2.658397591,-2.622704569,-3.451270754,-3.503278867,-2.068716274,-1.039535722,-2.445331867,-2.690034621,-2.245386877,-2.275650191,-2.775644019,-2.660605908,-2.124817683
N-MHT1130,-1.699066687,-2.370134783,-0.35682072,-2.359078089,-2.399200477,-0.674557872,-1.290568432,-2.458408529,-0.898471356,-2.906461985,-2.252055588,-2.607710293,-3.334603669,-3.479727131,-1.93897922,-1.060908123,-2.540061687,-2.628224998,-2.22745873,-2.375019537,-2.940236521,-2.48413002,-2.228744262
M-MHT1121,-1.858092885,-2.51754824,-0.354189385,-2.353102951,-2.470461054,-0.647005571,-1.308789798,-2.53490508,-1.032891212,-2.807306963,-2.40698053,-2.11768739,-3.426882276,-3.585559771,-2.142906313,-1.005796876,-1.959232076,-2.560165428,-2.008671863,-2.005269967,-2.848770899,-2.506139229,-2.332414651
M-MHT1122,-2.020440874,-2.552044505,-0.369974483,-2.75647188,-2.423291002,-0.606779971,-1.324962379,-2.482771019,-0.870761384,-3.155328426,-2.63396588,-2.117919125,-3.214946587,-3.185192959,-2.150204611,-1.213068077,-1.89077394,-2.946042909,-2.228693734,-1.933561968,-2.801994485,-2.674968226,-2.162356352
M-MHT1123,-1.70222615,-2.330099567,-0.359976887,-2.51713663,-2.301553011,-0.639768429,-1.276149318,-2.466779183,-0.935669691,-3.096021664,-2.493794306,-2.246313298,-3.377701225,-3.443601829,-2.180747514,-1.146026795,-2.02820169,-2.390868127,-2.392478187,-2.055903448,-2.763907237,-2.538933146,-2.041219665
M-MHT1124,-1.896108386,-2.517581804,-0.349874688,-2.464400711,-2.347788848,-0.628676471,-1.227264924,-2.493347011,-1.087650359,-2.767155586,-2.674464442,-2.400461299,-3.355326694,-3.588228865,-2.17203119,-1.016785285,-2.109466117,-2.801948137,-1.99774069,-2.040246409,-2.741321977,-2.513848378,-2.34805527
M-MHT1125,-1.817405751,-2.503888584,-0.355036321,-2.604416017,-2.391038302,-0.625827437,-1.180355674,-2.489400786,-1.10957965,-2.716960744,-2.740520689,-2.333728091,-3.130483096,-3.563006533,-2.121420577,-1.020661678,-2.093731321,-2.773949568,-2.107131227,-1.990860352,-2.702908867,-2.49868088,-2.390834974
M-MHT1126,-1.702239356,-2.458802154,-0.346792084,-2.418321578,-2.436286228,-0.581368461,-1.410551533,-2.568427129,-1.117771659,-2.588586387,-2.576363489,-2.296655918,-3.469089144,-3.574364466,-2.148883018,-1.051764559,-2.109836963,-2.657710256,-2.242911263,-2.190197153,-2.751818959,-2.568753023,-2.313820148
M-MHT1127,-1.787176142,-2.388012162,-0.345089635,-2.391154079,-2.260632494,-0.635365185,-1.147747762,-2.395734118,-1.054616164,-3.045766894,-2.290262302,-2.311606888,-3.234234155,-3.544228361,-2.130006454,-1.194380449,-2.113118489,-2.225861733,-2.408370214,-2.144089669,-2.927767653,-2.399206527,-2.027813224
M-MHT1128,-1.820807565,-2.455244365,-0.366885808,-2.377552128,-2.38546477,-0.652565015,-1.137517416,-2.427117914,-0.967066185,-2.719293071,-2.145565006,-2.328560728,-3.150743717,-3.428165448,-1.955138798,-1.1176366,-2.126901532,-2.86701982,-2.044472303,-2.127658002,-2.796571235,-2.655078157,-2.388795956
M-MHT1129,-2.118639489,-2.454135505,-0.343943444,-2.510267389,-2.395733688,-0.64910335,-1.289273834,-2.425670361,-0.968507459,-2.848291305,-2.666301875,-2.452607436,-3.409479611,-3.488944812,-2.067610031,-1.031599336,-2.194253966,-2.708223889,-2.178852169,-2.24713888,-2.916324647,-2.632680392,-2.104778714
M-MHT1130,-1.635942586,-2.38171871,-0.354003489,-2.547842721,-2.384781645,-0.578730374,-1.415822636,-2.590519803,-1.081704841,-3.005010395,-2.416876757,-2.364143035,-3.42493039,-3.533407194,-2.016487894,-1.101183152,-2.098096354,-2.738525724,-2.160009158,-2.096903239,-2.758472302,-2.465403593,-2.235080338
WB-MHT1131,-1.85672262,-2.593840277,-0.351897984,-2.433479272,-2.451497182,-0.673533258,-1.161956817,-2.319406026,-0.911316107,-2.9878386,-2.33895665,-2.064997979,-3.345347721,-3.464854129,-2.222741663,-1.148649223,-2.07345421,-2.914156421,-2.340191872,-2.162538645,-3.159803171,-2.706088803,-2.22112589
WB-MHT1132,-1.755585921,-2.287395204,-0.356218874,-2.258135365,-2.303270445,-0.681913771,-1.27450534,-2.352797311,-0.935318501,-2.490099829,-2.279396986,-2.227379879,-3.401802865,-3.50393547,-2.017915257,-1.043310478,-2.228088504,-2.499288228,-2.299095349,-2.270241483,-3.047532908,-2.527874848,-2.328666326
WB-MHT1133,-1.67864383,-2.737218011,-0.294789897,-2.175439975,-2.723746327,-0.713802115,-1.331476719,-2.506305252,-1.009264112,-2.552608906,-2.160939289,-2.052656174,-3.444919424,-3.542312264,-2.112874194,-1.235120956,-2.06051541,-2.442113434,-2.400448591,-2.150753609,-3.083287479,-2.616880151,-2.282024764
WB-MHT1134,-1.530621929,-2.595722492,-0.303931588,-1.986415938,-2.440671576,-0.702928434,-1.151450634,-2.282569285,-1.261480882,-2.810897297,-2.411364563,-1.939511328,-3.309751613,-3.543766756,-2.152671359,-1.179080058,-1.950248495,-2.714181731,-2.250102363,-2.06991215,-3.233027967,-2.514464257,-2.421984491
WB-MHT1135,-1.600967321,-2.343764751,-0.348133501,-2.246927492,-2.374463944,-0.704529707,-1.208682446,-2.450505088,-0.930189436,-2.489796548,-2.093580358,-2.250571745,-3.38098478,-3.671155228,-1.98440637,-1.123478823,-2.218642624,-2.590580643,-2.32353478,-2.263715419,-3.138869631,-2.47461301,-2.447875201
WB-MHT1136,-1.816584236,-2.439230796,-0.30500351,-2.158849726,-2.460781042,-0.766271,-1.183114342,-2.313193232,-1.07963823,-2.660125165,-2.406627646,-2.139816946,-3.298814036,-3.458574811,-1.950653165,-1.043482178,-2.090836123,-2.733727136,-2.170272516,-2.175418672,-3.018435328,-2.635262262,-2.232375459
WB-MHT1137,-1.847202747,-2.538524108,-0.35739536,-2.517415121,-2.388358032,-0.655092174,-1.266159997,-2.426498289,-0.875833041,-3.15156248,-2.287692125,-2.173826343,-3.369194678,-3.394978606,-2.286298255,-1.140686285,-2.15725556,-2.980589993,-2.175030995,-2.167614844,-2.968278967,-2.631772216,-2.145225692
WB-MHT1138,-1.928690141,-2.463527254,-0.351408593,-2.434502937,-2.353854286,-0.64742707,-1.222223326,-2.424802526,-1.032840211,-2.790703779,-2.714228833,-2.206532497,-3.249080428,-3.495966483,-1.984475205,-1.053395341,-2.132444893,-2.811539178,-2.05328237,-2.105168652,-2.934620017,-2.487519786,-2.06187357
WB-MHT1139,-1.54012748,-2.227239644,-0.359558919,-2.346046979,-2.22626945,-0.644370237,-1.232805703,-2.490240336,-1.0531475,-2.601501807,-2.402846772,-2.081375097,-3.388776303,-3.561984649,-1.938569374,-1.109197776,-2.083264279,-2.50710197,-2.226894662,-2.163512458,-3.25125858,-2.543841288,-2.212680711
WB-MHT1140,-1.809811443,-2.557062305,-0.344956953,-2.787852219,-2.309407681,-0.553743527,-1.34475493,-2.626179618,-1.328569621,-2.725397377,-2.729794004,-1.999620767,-3.358493966,-3.742837785,-2.333462284,-1.104379737,-1.893092492,-2.951885506,-2.141896289,-1.814684194,-2.888641247,-2.822583166,-2.449542987
N-MHT1131,-1.882513788,-2.58313655,-0.3458269,-2.352382279,-2.439841548,-0.715437445,-1.121594965,-2.268027503,-0.856502605,-2.908472362,-2.25798022,-2.635671148,-3.299780094,-3.44170542,-2.173954698,-1.142482504,-2.55183688,-2.868553688,-2.394296575,-2.375803409,-2.935061396,-2.456991081,-2.203400522
N-MHT1132,-1.782340639,-2.286519891,-0.357529899,-2.212495755,-2.285934195,-0.685999529,-1.268028335,-2.340870497,-0.934243788,-2.476792139,-2.273443561,-2.573388382,-3.337993107,-3.475815877,-2.007738393,-1.02394483,-2.461289113,-2.475686928,-2.250278286,-2.262518729,-2.763260353,-2.34850789,-2.309157472
N-MHT1133,-1.735082908,-2.731966542,-0.311816902,-2.102812319,-2.71011723,-0.719349701,-1.284445806,-2.430478824,-0.965177759,-2.477118925,-2.091099449,-2.595644358,-3.382719715,-3.436946117,-2.045023057,-1.138051646,-2.51031339,-2.368788192,-2.281123453,-2.302623839,-2.815531781,-2.432291667,-2.15598662
N-MHT1134,-1.55298729,-2.578132303,-0.305770705,-1.954470553,-2.423866109,-0.699536985,-1.132827829,-2.231621621,-1.220476956,-2.772465232,-2.512830178,-2.698105973,-3.27604843,-3.483673438,-2.074647532,-1.108372535,-2.57711752,-2.63808677,-2.148271362,-2.331592298,-2.97822889,-2.521161502,-2.324856175
N-MHT1135,-1.626608279,-2.345922207,-0.346185558,-2.240457389,-2.376901844,-0.710602931,-1.206366103,-2.445019634,-0.923270719,-2.477957164,-2.089417056,-2.552159561,-3.407808976,-3.659096381,-1.969036649,-1.099847231,-2.424971314,-2.576392868,-2.282864131,-2.262023723,-2.913752221,-2.479918587,-2.433687236
N-MHT1136,-1.830375403,-2.423677216,-0.305853914,-2.115294527,-2.455297043,-0.807805102,-1.15114396,-2.262738295,-1.028152065,-2.619542607,-2.332511489,-2.64914231,-3.265821063,-3.42213846,-1.877294974,-1.006894773,-2.472359356,-2.646482341,-2.159079346,-2.314426011,-2.809250852,-2.674129487,-2.16305869
N-MHT1137,-1.836192167,-2.493610869,-0.346520242,-2.467681181,-2.382525617,-0.683921313,-1.247583479,-2.406066495,-0.843052426,-3.021995057,-2.254507772,-2.478189893,-3.373930596,-3.382884004,-2.291186843,-1.161476913,-2.3727767,-2.991712326,-2.226604082,-2.232036833,-2.811580031,-2.651415038,-2.170874235
N-MHT1138,-1.952207442,-2.43271766,-0.338125265,-2.393794025,-2.347628775,-0.675236038,-1.200375478,-2.384615969,-1.005001277,-2.783115911,-2.697243127,-2.617110108,-3.228025469,-3.479000999,-1.983312291,-1.054125678,-2.370429562,-2.811308569,-2.098796191,-2.164308695,-2.734136857,-2.525030307,-2.077708905
N-MHT1139,-1.527582664,-2.215069646,-0.348891071,-2.309791165,-2.231261075,-0.657354588,-1.211073173,-2.457230741,-1.027182962,-2.533844194,-2.363431593,-2.610887194,-3.395176029,-3.527118066,-1.921705143,-1.108633987,-2.571372097,-2.487147896,-2.280652975,-2.417360456,-3.130474906,-2.547379776,-2.198677175
N-MHT1140,-1.888020949,-2.565809548,-0.3746033,-2.673236433,-2.356005403,-0.636963783,-1.220886578,-2.458981903,-1.126845035,-2.482211231,-2.541664303,-2.600330471,-3.271818914,-3.528772707,-2.175124424,-0.881343555,-2.377223838,-2.696991958,-1.925693607,-2.104650564,-2.734126987,-2.525400586,-2.104708517
M-MHT1131,-1.873973889,-2.534041511,-0.339796626,-2.379240356,-2.408465952,-0.691688977,-1.141477676,-2.286522932,-0.898869747,-2.973480737,-2.308235284,-2.454254493,-3.305016534,-3.467995765,-2.217396247,-1.168266292,-2.257179745,-2.926337217,-2.371990929,-2.209997623,-2.869811062,-2.688479697,-2.220501882
M-MHT1132,-1.815403751,-2.297731138,-0.357055569,-2.282946764,-2.294437314,-0.660841475,-1.294170887,-2.367276728,-0.970847808,-2.521069718,-2.321792306,-2.420966485,-3.386373712,-3.473883997,-2.03045813,-1.027934099,-2.183516924,-2.505011451,-2.214400236,-2.136152975,-2.711058393,-2.478983564,-2.299261167
M-MHT1133,-1.707330109,-2.677602072,-0.31339571,-2.206040247,-2.664463434,-0.662960293,-1.342815515,-2.496407556,-1.040644949,-2.588945244,-2.181007705,-2.423844719,-3.389827462,-3.473986849,-2.088137107,-1.146994123,-2.231241017,-2.422614172,-2.225377408,-2.193657714,-2.805691836,-2.537624156,-2.169672008
M-MHT1134,-1.618499235,-2.613826687,-0.310290657,-2.033132088,-2.436205998,-0.671726703,-1.159585384,-2.273349797,-1.25796738,-2.825504981,-2.603571583,-2.533125034,-3.334168823,-3.501604102,-2.091707126,-1.088379993,-2.281790439,-2.672018864,-2.102244629,-2.194562637,-2.960291777,-2.56209262,-2.315960613
M-MHT1135,-1.657815584,-2.343302629,-0.348319625,-2.295612128,-2.371178227,-0.677080328,-1.228092642,-2.456294546,-0.969103283,-2.601554195,-2.160434676,-2.369841745,-3.408313146,-3.668664084,-1.99837673,-1.101087123,-2.150722937,-2.616356807,-2.224219108,-2.130514898,-2.870593521,-2.542691826,-2.433991497
M-MHT1136,-1.883670253,-2.447222317,-0.312392486,-2.199271087,-2.467819046,-0.750077831,-1.193756161,-2.316395078,-1.0778184,-2.698128598,-2.427733948,-2.41521355,-3.287352815,-3.442525019,-1.928356739,-1.000190308,-2.18682699,-2.690517566,-2.086801111,-2.18726219,-2.812023634,-2.673363424,-2.171872197
M-MHT1137,-1.838706865,-2.514108178,-0.36022872,-2.552904793,-2.381293679,-0.639154406,-1.281435776,-2.412511735,-0.901703626,-3.172317119,-2.286392746,-2.339339541,-3.320547131,-3.388935852,-2.273593036,-1.118614684,-2.136515176,-2.968043963,-2.124408118,-2.133646037,-2.837354155,-2.677340676,-2.106186764
M-MHT1138,-2.051502893,-2.488196713,-0.356312306,-2.501563393,-2.341237731,-0.613204033,-1.264867343,-2.446724529,-1.087412708,-2.69835535,-2.760804413,-2.381751737,-3.207323532,-3.450708063,-1.980410728,-1.023462358,-2.096812879,-2.818877902,-1.990670833,-2.11388963,-2.863070846,-2.463161263,-2.028825431
M-MHT1139,-1.608837589,-2.256737188,-0.36214678,-2.372187307,-2.228320154,-0.63324862,-1.247087781,-2.47512759,-1.060625617,-2.592890338,-2.425939849,-2.399836571,-3.430953556,-3.530210595,-1.920208761,-1.070389053,-2.1358761,-2.498189037,-2.168484152,-2.110413499,-2.877637203,-2.503226094,-2.160552267
M-MHT1140,-1.90560653,-2.597324726,-0.37944106,-2.712151601,-2.34526452,-0.605577104,-1.263613852,-2.498448219,-1.189845676,-2.586432227,-2.619222449,-2.379594714,-3.293926731,-3.555891678,-2.202552833,-0.899545597,-2.055687522,-2.768571536,-1.881367331,-1.960379392,-2.638387824,-2.531139677,-2.097996901
WB-MHT1141,-1.757834073,-2.393421982,-0.374336747,-2.429323557,-2.382969187,-0.655790529,-1.268891239,-2.416688289,-0.988836766,-2.557965544,-2.370721818,-2.208731193,-3.312163928,-3.543131148,-2.03399749,-0.987132558,-2.133821373,-2.558896763,-2.075793257,-2.084714519,-2.89706868,-2.38869527,-2.140832272
WB-MHT1142,-1.792791392,-2.552788451,-0.378044877,-2.605090542,-2.390004634,-0.646042594,-1.302899073,-2.457774516,-0.911708355,-2.864286841,-2.43648663,-2.225403495,-3.362896584,-3.324548085,-2.021472092,-1.023090037,-2.112479222,-2.811118859,-2.112202689,-2.087562024,-2.827809562,-2.586578786,-2.151109186
WB-MHT1143,-1.778800673,-2.440519771,-0.366489725,-2.265918961,-2.402897436,-0.650623805,-1.270178831,-2.383696963,-0.970788472,-2.718963581,-2.434978713,-2.101651812,-3.27188161,-3.510670839,-1.916322825,-1.070174291,-2.054287601,-2.871823795,-2.115954893,-2.091856537,-2.801636238,-2.462232984,-2.19053454
WB-MHT1144,-1.760607295,-2.37730727,-0.333497725,-2.166993389,-2.376460491,-0.724480594,-1.202019643,-2.364387545,-0.991017894,-2.770718525,-2.255110105,-1.969028384,-3.339821557,-3.548786333,-2.040674072,-1.124030945,-1.967508236,-2.977316837,-2.261090922,-2.059277523,-2.923208264,-2.396544834,-2.310258303
WB-MHT1145,-1.917439765,-2.586100521,-0.347668375,-2.138133407,-2.470605398,-0.678012335,-1.295220588,-2.426002001,-1.054173636,-2.600617242,-2.424333697,-2.088845569,-3.348636082,-3.514627431,-2.054696537,-0.965317671,-2.034239686,-2.526485728,-2.144277166,-2.090268104,-2.887655389,-2.419556925,-2.211525132
WB-MHT1146,-1.633735679,-2.299974232,-0.323154719,-2.32820401,-2.248889487,-0.669587958,-1.218144169,-2.469073821,-1.140399731,-2.571518524,-2.510268413,-2.18846752,-3.368015502,-3.68654296,-2.105155325,-1.104755344,-2.1179111,-2.628728033,-2.13730731,-2.134459617,-2.918351152,-2.467242938,-2.56085491
WB-MHT1147,-1.802219354,-2.47407378,-0.369705843,-2.361865362,-2.348021229,-0.674264067,-1.231342064,-2.394536756,-0.995879715,-2.438237377,-2.576095775,-2.34104991,-3.249936564,-3.343018357,-1.900517737,-0.966030461,-2.335875898,-2.681506919,-1.935807465,-2.288969034,-2.99092905,-2.183681157,-2.358501091
WB-MHT1148,-1.660819633,-2.238872746,-0.363936292,-2.125676401,-2.242001112,-0.649140827,-1.257975434,-2.456896312,-1.041014494,-2.844365772,-2.370119845,-2.02192118,-3.268195956,-3.537326043,-1.978418536,-1.097112426,-2.028078802,-2.429528125,-2.144895927,-2.096552074,-3.04042545,-2.225841645,-2.237282791
WB-MHT1149,-1.704384781,-2.440856142,-0.357984551,-2.397955912,-2.384862359,-0.655789867,-1.202867224,-2.542730299,-0.957137204,-2.664307104,-2.419537868,-2.174247207,-3.285724897,-3.479063094,-2.013325301,-1.162778838,-2.103332753,-2.303124791,-2.408118349,-2.127462178,-2.932625117,-2.363380171,-2.00894317
WB-MHT1150,-1.984356674,-2.59116205,-0.382502759,-2.441142382,-2.435649311,-0.669671596,-1.314218942,-2.388249374,-0.796145986,-2.895471612,-2.460997728,-2.133889709,-3.372444362,-3.392273143,-2.136415824,-1.08860936,-2.082679798,-2.649706607,-2.313858927,-2.14574529,-3.00219,-2.439051197,-2.117537545
N-MHT1141,-1.780957124,-2.379918482,-0.369224607,-2.390786785,-2.378608475,-0.668666537,-1.251983408,-2.388733031,-0.966336729,-2.535737375,-2.358334288,-2.57807926,-3.327472769,-3.521263213,-2.033671187,-0.977242923,-2.372125439,-2.564697399,-2.093607839,-2.150551254,-2.752875179,-2.38864504,-2.153843713
N-MHT1142,-1.773242798,-2.536762965,-0.368857964,-2.490147805,-2.388303018,-0.691157279,-1.263254939,-2.40710507,-0.852712113,-2.758217213,-2.343424077,-2.615959718,-3.301295191,-3.301297225,-2.007719407,-1.034932752,-2.388431854,-2.784951225,-2.174533168,-2.2033293,-2.743286155,-2.550062747,-2.162232237
N-MHT1143,-1.802273572,-2.424732261,-0.360429553,-2.162080373,-2.389048549,-0.681240545,-1.238835411,-2.364224316,-0.923459594,-2.640676138,-2.39337607,-2.572224608,-3.234425118,-5.699684287,-1.908501566,-1.055224184,-2.345529668,-2.852554636,-2.144953865,-2.224417275,-2.658852975,-2.524852311,-2.170866604
N-MHT1144,-1.824846486,-2.377547442,-0.330645356,-2.321565699,-2.37562416,-0.728235149,-1.179380139,-2.3282296,-0.960252863,-2.696611387,-2.37572936,-2.611396716,-3.309277337,-5.75309287,-1.982202812,-1.051004639,-2.409217156,-2.920101547,-2.179201569,-2.224389256,-2.738291242,-2.564537487,-2.222617488
N-MHT1145,-1.945891155,-2.567838314,-0.333364014,-2.12013243,-2.482103061,-0.688342642,-1.270272855,-2.398543239,-1.047334635,-2.593068866,-2.451310104,-2.600839781,-3.345425579,-3.503790121,-2.069972693,-0.959738776,-2.39395591,-2.550978599,-2.158710712,-2.248664735,-2.744060994,-2.551256857,-2.220836709
N-MHT1146,-1.624534599,-2.273640478,-0.317523353,-2.2726695,-2.269001428,-0.718884789,-1.165354391,-2.420067765,-1.074496178,-2.470032706,-2.440385669,-2.576814027,-3.391119513,-3.68174767,-2.070760223,-1.073142556,-2.422302531,-2.571338718,-2.150517625,-2.280410375,-2.840512122,-2.431638801,-2.529949811
N-MHT1147,-1.842370155,-2.481912749,-0.372154307,-2.394495389,-2.358490211,-0.652634173,-1.240841357,-2.415525049,-1.026936101,-2.478957432,-2.740451175,-2.599186542,-3.256386605,-3.380098746,-1.94540857,-0.941897679,-2.4107033,-2.724781956,-1.853890977,-2.169519786,-2.698770757,-2.474410064,-2.325552392
N-MHT1148,-1.641808332,-2.208330838,-0.34278667,-2.313953611,-2.266495165,-0.689825281,-1.206436131,-2.447404168,-0.967729575,-2.757394405,-2.352852709,-2.618035245,-3.353810387,-3.530730048,-1.956680799,-1.092372353,-2.573244598,-2.378337495,-2.226550165,-2.430230552,-3.024015608,-2.514175019,-2.225807337
N-MHT1149,-1.735324963,-2.436389159,-0.353516657,-2.453252528,-2.409757857,-0.671084366,-1.175148429,-2.528573576,-0.923701719,-2.625369966,-2.430488204,-2.585737922,-3.275054799,-3.481930591,-2.006036616,-1.146188141,-2.374996021,-2.28358978,-2.412296519,-2.235193521,-2.805181554,-2.587818259,-1.992565415
N-MHT1150,-2.05755862,-2.602692141,-0.376123313,-2.546457997,-2.457660016,-0.656166111,-1.310142756,-2.402419429,-0.814975246,-2.893852188,-2.540029932,-2.602155458,-3.357178615,-3.380906974,-2.135738527,-1.057018504,-2.377184722,-2.641273311,-2.229572565,-2.197766101,-2.785284175,-2.53343793,-2.06073331
M-MHT1141,-1.833257685,-2.398493933,-0.372835726,-2.485361817,-2.358317955,-0.628241016,-1.296612505,-2.44888556,-1.039771451,-2.640113468,-2.445575381,-2.358133297,-3.334715446,-3.532822992,-2.067061493,-0.98293284,-2.063333662,-2.606668523,-2.021723913,-1.974388841,-2.683668039,-2.373419741,-2.137263253
M-MHT1142,-1.801548834,-2.534094767,-0.37204822,-2.583356515,-2.386080052,-0.651008127,-1.30840913,-2.442081557,-0.906066662,-2.819248211,-2.403990535,-2.386331847,-3.345877378,-3.313223218,-2.025857946,-1.036711564,-2.105759145,-2.801324841,-2.120937778,-2.0631597,-2.692640267,-2.595357014,-2.15564624
M-MHT1143,-1.411644143,-2.162434532,-0.215888307,-2.556119213,-4.187404975,-0.807828084,-1.79525234,-2.680605689,-1.633870767,-1.447557976,-2.422083003,-2.873899796,-2.437826017,-3.901816226,-2.556666604,-2.209325648,-2.649347246,-2.317646433,-2.048116757,-3.05212311,-2.997548909,-3.265858672,-2.451971829
M-MHT1144,-1.856417445,-2.396489679,-0.33571008,-2.363282272,-2.381895184,-0.702045151,-1.199206117,-2.332957786,-0.985012984,-2.857658166,-2.428184964,-2.454523485,-3.342753748,-3.531847386,-1.991105728,-1.050493696,-2.193325731,-2.924345472,-2.154914694,-2.125514816,-2.722545036,-2.569313736,-2.22151521
M-MHT1145,-1.963517171,-2.565302133,-0.341190236,-2.18402018,-2.462060441,-0.660678165,-1.30017362,-2.426937302,-1.079300218,-2.643874948,-2.493404976,-2.409772947,-3.382593129,-3.494594696,-2.091024889,-0.958282059,-2.149160225,-2.571472357,-2.098781434,-2.122053369,-2.733289297,-2.539820969,-2.21780208
M-MHT1146,-1.678341153,-2.304847518,-0.331249501,-2.333593491,-2.26477446,-0.681832735,-1.192166862,-2.439392997,-1.10313784,-2.572904088,-2.492805957,-2.413360689,-3.372220967,-3.684590684,-2.076075452,-1.050024546,-2.170446602,-2.56459847,-2.057930174,-2.167651401,-2.856026153,-2.393815293,-2.498601934
M-MHT1147,-1.928529869,-2.512629428,-0.381817939,-2.466208211,-2.3440389,-0.616033834,-1.271850368,-2.43719769,-1.076128807,-2.559522395,-2.783058636,-2.401514784,-3.241782235,-3.365057584,-1.965077803,-0.936478356,-2.135774969,-2.789488536,-1.801649646,-2.112981132,-2.786572997,-2.478809688,-2.317646417
M-MHT1148,-1.700416923,-2.235795791,-0.350208354,-2.385749055,-2.26396061,-0.654509211,-1.24434118,-2.491879839,-1.019577661,-2.796676562,-2.410343336,-2.346793483,-3.315360287,-3.555488533,-1.986134057,-1.085878949,-2.130821618,-2.421703677,-2.14727167,-2.120636397,-2.778369416,-2.495156876,-2.232309761
M-MHT1149,-1.76409647,-2.449116275,-0.35479314,-2.436347798,-2.405564441,-0.652133652,-1.204817065,-2.477284215,-0.952153942,-2.661089255,-2.453364058,-2.388199833,-3.275180323,-3.469045147,-2.014740218,-1.155901278,-2.151883706,-2.314643258,-2.379707811,-2.074364109,-2.720775056,-2.59904656,-2.009252074
M-MHT1150,-1.986163748,-2.589092603,-0.375549641,-2.591752032,-2.441848881,-0.619025251,-1.348599004,-2.405023563,-0.879364549,-2.983141893,-2.573289684,-2.36476227,-3.343307009,-3.400556279,-2.158030192,-1.080030266,-2.068348261,-2.674940665,-2.20703384,-2.041528173,-2.715156134,-2.575615422,-2.078888088
MB1151,-1.918572753,-2.575519463,-0.380523865,-2.434224419,-2.430158064,-0.605845873,-1.377921689,-2.578809793,-1.141416609,-2.82731542,-2.636294841,-2.203658578,-3.210987125,-3.401227788,-2.059057502,-0.916031219,-1.928836967,-2.597668933,-1.796085632,-1.919512339,-2.778075867,-2.362071329,-2.181929973
MB1152,-2.101387516,-2.625275987,-0.379170232,-2.620539082,-2.338576812,-0.615490514,-1.271401074,-2.384631904,-0.893519222,-3.264063298,-2.504503433,-2.356051808,-3.098861744,-3.119704148,-1.992490907,-1.139633022,-2.0991507,-2.66249617,-2.109292256,-2.019854327,-2.674885847,-2.449655903,-1.9641954
MB1153,-1.90208118,-2.590135496,-0.355461381,-2.189038044,-2.473071424,-0.640422012,-1.27940047,-2.407448342,-1.112739251,-2.741817959,-2.448721796,-2.342207163,-3.131155027,-3.40749381,-2.072428755,-0.953517003,-2.16276156,-2.44040999,-1.990203266,-2.157541307,-3.022237416,-2.47807723,-2.11680363
MB1154,-1.732515301,-2.420344621,-0.373191609,-2.608603929,-2.310744784,-0.59778222,-1.325382559,-2.452506758,-1.081511666,-3.259633493,-2.41713154,-2.263763174,-3.110653861,-3.391148492,-2.050495731,-1.040467656,-1.998912482,-2.593249028,-2.037113983,-1.997195319,-2.638064478,-2.430426938,-1.983327948
MB1155,-2.064354556,-2.501013431,-0.368689612,-2.475565665,-2.294549005,-0.637915585,-1.186343359,-2.440739194,-1.095908158,-2.843506373,-2.585586976,-2.437076482,-3.156581828,-3.450815573,-2.068744786,-0.966395559,-2.152437042,-2.758455934,-1.817227733,-2.020225879,-2.682447517,-2.384417676,-2.18845945
MB1156,-2.226858622,-2.557308548,-0.388498571,-2.746565511,-2.32734183,-0.634386083,-1.249511387,-2.319718993,-0.893991393,-3.233644871,-2.380148317,-2.302072591,-2.935351574,-3.14971995,-2.076849892,-1.049844557,-2.041125057,-2.640881805,-2.02655149,-2.026744888,-2.639569221,-2.46249647,-2.025723218
MB1157,-1.887702385,-2.452458908,-0.385461365,-2.574069167,-2.288712938,-0.604743605,-1.279150843,-2.467530326,-1.113204124,-2.744331908,-2.697537237,-2.343982265,-3.164874782,-3.472785572,-1.97264918,-0.963425519,-2.067491742,-2.502056975,-1.879953162,-1.95558061,-2.626293737,-2.278381819,-2.068656828
MB1158,-1.785241732,-2.359899983,-0.3558423,-2.529132672,-2.234387279,-0.610708678,-1.134432182,-2.485445164,-1.08947142,-3.160910828,-2.71699284,-2.334276154,-2.995553973,-3.449159714,-2.047881735,-1.194579059,-2.054873719,-2.595864241,-2.182853046,-2.009040876,-2.734156707,-2.355442736,-2.019722187
MB1159,-2.049747529,-2.419145287,-0.392228763,-2.64467534,-2.210947385,-0.591837468,-1.298615886,-2.434580976,-1.045680446,-3.292981974,-2.613270852,-2.300843692,-3.112529729,-3.373479986,-2.030789225,-1.014108901,-2.016730212,-2.426577787,-2.048524902,-1.89260535,-2.584134608,-2.342288285,-1.882790662
MB1160,-1.760179322,-2.551584476,-0.346092041,-2.465156255,-2.388648382,-0.648156288,-1.222468234,-2.41246527,-1.131007675,-2.848262301,-2.404304273,-2.420482196,-3.094213827,-3.33987409,-1.971046599,-1.055197569,-2.205991031,-2.612597285,-1.787804243,-2.041097241,-2.759248047,-2.418711584,-2.037440362
MA1151,-1.886560668,-2.529352491,-0.373756443,-2.376631203,-2.409775192,-0.619134954,-1.353780496,-2.518041891,-1.103251177,-2.720257259,-2.542944652,-2.421504683,-3.228029865,-3.402637063,-2.031624712,-0.922513183,-2.143972622,-2.561962633,-1.789283163,-2.103043044,-2.8806214,-2.335447028,-2.147107963
MA1152,-2.059724169,-2.576636152,-0.372754139,-2.571611789,-2.317382913,-0.634556789,-1.263380149,-2.3613741,-0.85659781,-3.187625074,-2.448284918,-2.427602388,-3.0675337,-3.088413685,-1.988228911,-1.161662691,-2.170283633,-2.645404413,-2.15813648,-2.167501093,-2.931809427,-2.513391814,-1.982584044
MA1153,-1.855906524,-2.549823619,-0.345484308,-2.162639855,-2.43891049,-0.647653051,-1.297831912,-2.434322458,-1.095566731,-2.672206833,-2.409278943,-2.50051424,-3.210341027,-3.432292471,-2.073415495,-0.996511645,-2.254710783,-2.427359418,-1.861188586,-2.212096142,-2.830136707,-2.509572498,-2.13688439
MA1154,-1.585980084,-2.362535588,-0.363890605,-2.42260331,-2.300250989,-0.68674849,-1.265010807,-2.388956211,-0.926564436,-3.058423573,-2.254814866,-2.438633307,-3.156680605,-3.396135073,-2.037009251,-1.085839242,-2.152620163,-2.232252472,-2.15469441,-2.116381369,-2.676944453,-2.503254571,-2.036235032
MA1155,-2.014780039,-2.464140748,-0.363476325,-2.419806189,-2.278824651,-0.671053566,-1.161115789,-2.412046815,-1.059718018,-2.744164795,-2.49820451,-2.464022095,-3.125130598,-3.438626715,-1.966297204,-0.977750155,-2.14611268,-2.738373252,-1.848282038,-2.050462012,-2.677697697,-2.415906693,-2.212072744
MA1156,-2.184673022,-2.533813533,-0.379882033,-2.68422071,-2.314339943,-0.679404635,-1.233397376,-2.298871608,-0.828534856,-3.12261158,-2.286250502,-2.390532995,-2.993756667,-3.170848507,-2.070405862,-1.071895053,-2.129245553,-2.611688572,-2.110794966,-2.099887291,-2.681975104,-2.511984887,-2.044795767
MA1157,-1.893253824,-2.455720073,-0.392363536,-2.577447472,-2.280700165,-0.601581905,-1.275278568,-2.440684526,-1.11649907,-2.725664808,-2.666926798,-2.354672076,-3.140204183,-3.436929174,-1.945280012,-0.954752866,-2.097864309,-2.497932562,-1.86470269,-1.969925456,-2.636914031,-2.246335477,-2.035172479
MA1158,-1.771657178,-2.346119781,-0.357913683,-2.496570412,-2.220899603,-0.618687435,-1.117311007,-2.437502214,-1.070307542,-3.109544616,-2.665548002,-2.340374248,-2.973920491,-3.435448185,-2.038356572,-1.193863652,-2.082389019,-2.576982181,-2.205472466,-2.047929212,-2.795523293,-2.35695348,-2.031007598
MA1159,-2.006456956,-2.407542315,-0.382121642,-2.522663524,-2.19906288,-0.636796158,-1.254870008,-2.373010028,-0.954336025,-3.160997841,-2.503028099,-2.39796605,-3.15383159,-3.355217084,-2.010910226,-1.040828035,-2.112228768,-2.412923374,-2.145626393,-2.009813224,-2.628620624,-2.393717096,-1.912753109
MA1160,-1.637458593,-2.442803032,-0.330042391,-2.392318611,-2.350530498,-0.701863927,-1.20928481,-2.116406518,-1.175226642,-2.827321522,-2.308739282,-2.431638831,-3.703158617,-3.459961671,-1.843212474,-1.207119327,-2.312452881,-2.523084578,-1.373081407,-2.306481917,-6.209863076,-2.592387126,-2.110669418
MB1161,-1.824551118,-2.474092666,-0.403240797,-2.653596299,-2.320276505,-0.608571282,-1.174396092,-2.406286554,-1.086755374,-2.668448643,-2.347235151,-2.274011052,-2.940021625,-3.380678839,-1.95175213,-0.963177037,-2.026759778,-2.68296443,-1.96075905,-1.926328935,-2.713701819,-2.381353469,-2.265821714
MB1162,-2.420728941,-2.687744116,-0.398509605,-2.691492119,-2.363291549,-0.590672492,-1.316642198,-2.383274003,-0.988113376,-3.288329513,-2.52256991,-2.370922401,-3.025812299,-3.240894048,-2.099786032,-0.951919821,-2.08321466,-2.789001101,-1.88551344,-2.126412916,-2.847493687,-2.456957239,-1.936023937
MB1163,-1.630014009,-2.600699615,-0.314626884,-2.041152321,-2.38507635,-0.679807484,-1.155538456,-2.270936613,-1.230679491,-2.947109605,-2.480027378,-2.558630853,-3.190928794,-3.419915301,-2.044493994,-1.094530124,-2.321750856,-2.763799385,-1.981793313,-2.188171919,-2.923123405,-2.458295172,-2.235398081
MB1164,-1.751527242,-2.417762444,-0.357555398,-2.300843211,-2.314239634,-0.662033636,-1.291560019,-2.488774187,-1.015840088,-2.464541465,-2.443379954,-2.459729822,-3.276259458,-3.49087202,-1.878190842,-1.016219778,-2.1769742,-2.70099952,-1.943379534,-2.116966561,-2.789719797,-2.420895336,-2.241126344
MB1165,-2.013364185,-2.456869841,-0.401907191,-2.632593841,-2.298014276,-0.609310546,-1.349206565,-2.53434671,-1.072951831,-2.55159719,-2.719985607,-2.419669593,-3.219055322,-3.400819218,-2.010093955,-0.871175716,-2.140675229,-2.551258316,-1.793193477,-2.024461798,-2.731635639,-2.284903644,-2.119706272
MB1166,-1.735028679,-2.490549755,-0.338525173,-2.35389801,-2.436048361,-0.669773975,-1.262874709,-2.441239092,-1.084716411,-2.672347674,-2.233333009,-2.440229891,-3.125906419,-3.442622439,-1.914644731,-1.025327063,-2.16991555,-2.547341193,-2.023284455,-2.149071065,-2.862172527,-2.298320103,-2.336470636
MB1167,-1.712462328,-2.284921501,-0.381203169,-2.395763543,-2.247124839,-0.683984003,-1.154980474,-2.398020388,-1.000088264,-2.710106884,-1.838518456,-2.370541387,-2.955115712,-3.259816043,-1.840432664,-1.038104184,-2.121753434,-2.724316642,-1.923178938,-2.083461914,-2.713776037,-2.325893166,-2.480923021
MB1168,-1.80565874,-2.395523492,-0.402471014,-2.370146182,-2.329614368,-0.656340193,-1.241030143,-2.316410373,-0.93078529,-2.596989425,-2.307086176,-2.433531855,-3.15108817,-3.228906293,-1.844885342,-0.994591046,-2.140053283,-2.585547847,-2.021707924,-2.061166883,-2.77244127,-2.376435819,-1.904014065
MB1169,-1.767484771,-2.536898689,-0.397858642,-2.616815251,-2.300754982,-0.608243622,-1.267212473,-2.50956019,-1.200460814,-2.535199398,-2.674282295,-2.385050016,-3.088759197,-3.404466715,-2.036102623,-0.882392284,-2.072872285,-2.627536979,-1.767704546,-1.985195009,-2.598939088,-2.36449304,-2.039942526
MB1170,-1.616024418,-2.253646306,-0.361073765,-2.082016335,-2.311815002,-0.671953387,-1.259293608,-2.448999981,-1.135282032,-2.378796696,-2.445874833,-2.419651807,-3.223600615,-3.504614168,-1.874464755,-0.987831398,-2.106221744,-2.53603319,-1.878579472,-2.042310972,-2.814511991,-2.345123823,-2.226843611
MA1161,-1.773950848,-2.480841499,-0.398641395,-2.577680562,-2.328499292,-0.639558291,-1.140356962,-2.36839767,-1.015775674,-2.554583126,-2.257173509,-2.368568951,-2.933471294,-3.370633123,-1.942215019,-0.978896427,-2.147918931,-2.645995644,-2.017153203,-2.087426097,-2.669274996,-2.386961801,-2.25625136
MA1162,-2.347997446,-2.648330291,-0.392597692,-2.610293554,-2.341811498,-0.621403276,-1.303364356,-2.363508985,-0.939301052,-3.220515965,-2.449428201,-2.335183102,-3.041621703,-3.247885113,-2.100185498,-0.979025361,-2.024856261,-2.79382213,-1.888611395,-2.033122161,-2.694767365,-2.504665473,-1.967478399
MA1163,-1.596690793,-2.583059721,-0.31360024,-2.005231229,-2.371819532,-0.692683672,-1.147288021,-2.243129591,-1.212202255,-2.877646021,-2.408513419,-2.55200263,-3.126854167,-3.394452685,-2.034918937,-1.110661521,-2.311067799,-2.727537118,-2.019160932,-2.184334168,-2.78579992,-2.476342732,-2.255676571
MA1164,-1.71564719,-2.417496432,-0.360070041,-2.235248182,-2.307364792,-0.690142198,-1.267434416,-2.48420495,-0.972284478,-2.376046866,-2.365229105,-2.500735308,-3.248499723,-3.45634376,-1.82530605,-1.016826006,-2.169590527,-2.660577899,-2.051969437,-2.136233189,-2.68993618,-2.445606434,-2.243220899
MA1165,-1.906404593,-2.403125181,-0.383813498,-2.532833084,-2.273318195,-0.646889221,-1.351149253,-2.54028499,-0.998318238,-2.402066006,-2.625600986,-2.42324264,-3.256564125,-3.437734074,-2.026471072,-0.921608028,-2.146717008,-2.579728641,-1.809312948,-2.050125611,-2.566875717,-2.38903319,-2.19758248
MA1166,-1.65483465,-2.453374665,-0.324970218,-2.284440515,-2.42133107,-0.704917023,-1.245238851,-2.4288824,-1.05187929,-2.576107381,-2.14465401,-2.449023756,-3.13727194,-3.459700705,-1.940992191,-1.07940993,-2.214848623,-2.430289845,-2.077557762,-2.153049533,-2.802424126,-2.353816471,-2.388333508
MA1167,-1.629469937,-2.2561275,-0.379356065,-2.302910473,-2.232695988,-0.728419972,-1.121192247,-2.346042326,-0.953659572,-2.592002365,-1.719505522,-2.357744276,-2.923396849,-3.248967334,-1.792396649,-1.086224741,-2.138487185,-2.688792026,-2.002930849,-2.094059897,-2.662764157,-2.362658838,-2.48359325
MA1168,-1.864760831,-2.45638946,-0.361614265,-2.398287377,-2.35829924,-0.68936316,-1.276307348,-2.375691342,-0.960479651,-2.599362921,-2.318253116,-2.437542635,-3.168723172,-3.241535148,-1.841012553,-1.024188762,-2.135512984,-2.599941779,-2.04510479,-2.045971245,-2.627265555,-2.39168096,-1.929059109
MA1169,-1.879081233,-2.550203201,-0.396424409,-2.562582426,-2.292944769,-0.617572076,-1.255484918,-2.421684121,-1.164287186,-2.455472755,-2.628139628,-2.389454381,-3.050449934,-3.391075398,-1.989458181,-0.880058536,-2.115067381,-2.582001088,-1.783978661,-2.060929286,-2.664096708,-2.35633461,-2.031403652
MB1171,-2.214502239,-2.638981215,-0.414459463,-2.679300379,-2.370055444,-0.605133651,-1.309030449,-2.356394473,-0.91790537,-3.124284027,-2.415865356,-2.302825423,-3.056477769,-3.2555241,-1.931478845,-0.975766837,-2.066437782,-2.618468572,-1.962536159,-1.988243222,-2.739679,-2.431285738,-1.972239836
MB1172,-1.825636742,-2.474528145,-0.360016352,-2.412950115,-2.334989633,-0.637235189,-1.176259056,-2.372008484,-1.035234199,-3.014819995,-2.149132856,-2.405639009,-2.984906559,-3.252196549,-1.957445579,-1.105512848,-2.141325237,-2.622993252,-2.027473605,-2.193154256,-2.944364938,-2.471938674,-2.043231082
MB1173,-1.846168465,-2.408003248,-0.39893465,-2.675782378,-2.316852004,-0.58784645,-1.275745633,-2.443870003,-1.078483955,-2.905502876,-2.324842263,-2.35012931,-3.096355511,-3.334328028,-1.898530052,-0.998250955,-2.09112936,-2.749045901,-1.821566282,-2.005363133,-2.552172843,-2.298361099,-2.053293673
MB1174,-2.063534459,-2.526705707,-0.412256739,-2.547264107,-2.312242545,-0.597166386,-1.275847314,-2.439720224,-1.176078273,-2.780052701,-2.808973298,-2.312206366,-2.9982472,-3.28602504,-1.938070682,-0.872780189,-2.015305183,-2.751250892,-1.639169495,-1.959281995,-2.426245176,-2.309602803,-2.144665459
MB1175,-1.720217961,-2.324347223,-0.361741592,-2.405400113,-2.259061722,-0.665236512,-1.229266043,-2.40852385,-1.040159783,-2.775239813,-2.355120082,-2.415481217,-3.11070595,-3.396125439,-1.889749174,-1.028900067,-2.127731447,-2.816742354,-1.95290244,-2.046893718,-2.488000576,-2.394001074,-2.172766624
MB1176,-1.572226827,-2.411422051,-0.399312977,-2.215522932,-2.343872117,-0.62622682,-1.255744959,-2.422087521,-0.995884672,-2.714852268,-2.247684902,-2.388305479,-3.132276664,-3.242669472,-1.808123468,-1.068856897,-2.082215488,-2.632962285,-2.047252892,-1.986903877,-2.820374286,-2.472049254,-1.85417934
MB1177,-1.717582185,-2.252884105,-0.379151415,-2.440838307,-2.242374667,-0.627561504,-1.284931844,-2.485023869,-1.036607852,-2.911132264,-2.347016686,-2.334507606,-3.14307505,-3.424918519,-1.941792952,-1.045700572,-2.084207994,-2.250189776,-2.040811966,-2.013883307,-2.517057466,-2.286211852,-1.991831018
MB1178,-1.484600726,-2.235037054,-0.363321465,-2.352004984,-2.167787642,-0.634237355,-1.28175156,-2.492012129,-1.13249234,-2.702222491,-2.429445283,-2.43547879,-3.21059809,-3.416740568,-1.87468146,-1.060345098,-2.162008603,-2.558637901,-2.045047514,-2.055446968,-2.65883189,-2.427432329,-2.052193669
MB1179,-1.975795204,-2.452726414,-0.375025247,-2.560173653,-2.363835496,-0.629136268,-1.195586387,-2.43318898,-1.005704275,-2.720603054,-2.457821004,-2.392078751,-3.017124584,-3.326742501,-1.918752822,-1.061441466,-2.149442039,-2.299371177,-2.178879505,-2.161023886,-2.643056577,-2.382345474,-1.870635709
MB1180,-1.890661166,-2.396695661,-0.400693765,-2.59389949,-2.242003212,-0.623834782,-1.316141933,-2.342147376,-0.974851018,-3.441543041,-2.220833001,-2.363481214,-3.164228247,-3.286867225,-2.198642754,-0.949143221,-2.123558013,-2.404270882,-2.062056558,-2.150072249,-2.598631136,-2.431016677,-1.804529592
MA1171,-2.134130893,-2.63285137,-0.40637317,-2.576560675,-2.374484823,-0.642935697,-1.286036055,-2.379674333,-0.834303847,-3.012462123,-2.281243756,-2.380872585,-3.082456551,-3.265426254,-2.027552323,-1.017073668,-2.158118986,-2.607652794,-2.062815199,-2.103408835,-2.501013837,-2.441962785,-1.980883218
MA1172,-1.619744954,-2.35919475,-0.328017025,-2.217537265,-2.364843651,-0.811720095,-1.147588788,-2.341068505,-0.912035832,-2.828289297,-1.932937842,-2.582102252,-3.102232499,-3.318436967,-1.959448703,-1.114895526,-2.352520364,-2.521594368,-2.147385881,-2.284285534,-2.936458253,-2.53933502,-2.039269574
MA1173,-1.73580219,-2.340136086,-0.361527581,-2.629966856,-2.265944995,-0.581429882,-1.312216808,-2.541217455,-1.089892393,-2.876893064,-2.260211765,-2.390270941,-3.144041157,-3.398205798,-1.968423907,-1.142807297,-2.212884664,-2.801265528,-1.755428062,-2.250927381,-2.684087341,-2.481686671,-2.218917696
MA1174,-2.015812518,-2.532339934,-0.402624648,-2.42703079,-2.322797251,-0.63706478,-1.223155508,-2.391338675,-1.080213245,-2.645122902,-2.70183917,-2.388143477,-3.022180212,-3.281465281,-1.911729098,-0.885231586,-2.156648203,-2.550690789,-1.720341395,-2.103108787,-2.421333543,-2.346122293,-2.157089067
MA1175,-1.690224221,-2.309629906,-0.356808044,-2.326972517,-2.252494806,-0.711049754,-1.196870197,-2.360369908,-0.980607688,-2.693390286,-2.265604331,-2.504206594,-3.116119082,-3.358084004,-1.780940431,-1.037075116,-2.244717415,-2.796468329,-2.027388676,-2.209757653,-2.514342327,-2.417304176,-2.183418833
MA1176,-1.548105927,-2.447904845,-0.338117237,-2.16873762,-2.379842611,-0.710505327,-1.248605825,-2.406841513,-0.980861084,-2.667024521,-2.192210443,-2.499879258,-3.208877828,-3.270021291,-1.837632071,-1.129933775,-2.23804969,-2.654091488,-2.169547854,-2.222853431,-3.064523348,-2.551368053,-1.934410863
MA1177,-1.674071807,-2.16195161,-0.378663545,-2.368403429,-2.232416426,-0.644735853,-1.261684181,-2.505321655,-0.986397819,-2.852641103,-2.2874752,-2.397397029,-3.16022932,-3.40739572,-1.922009963,-1.060806998,-2.165853604,-2.241231604,-2.124124824,-2.18665191,-2.632623738,-2.320090053,-2.001102006
MA1178,-1.456172815,-2.218744824,-0.365638903,-2.29191358,-2.152106016,-0.648770473,-1.254247073,-2.397466492,-1.110917168,-2.641156871,-2.365736596,-2.410169648,-3.128995168,-3.375765827,-1.86865008,-1.069915436,-2.155608059,-2.536163746,-2.061249398,-2.099949689,-2.76317849,-2.434579703,-2.045609469
MA1179,-1.965409442,-2.44989016,-0.380614606,-2.513393975,-2.349032079,-0.65270321,-1.195880906,-2.405461828,-0.975888851,-2.665853857,-2.422240543,-2.365796119,-3.020143222,-3.310174974,-1.876855457,-1.065285202,-2.027269013,-2.256886762,-2.173580726,-1.959395963,-2.495227658,-2.371535733,-1.856706448
MA1180,-1.910332538,-2.402002023,-0.40279108,-2.606873987,-2.242060942,-0.630265197,-1.334231983,-2.321718774,-0.965252792,-3.408910085,-2.214471526,-2.360131555,-3.177398687,-3.275945938,-2.161969257,-0.956042039,-2.064161867,-2.391672006,-2.047897271,-2.004234317,-2.387482665,-2.418694729,-1.792973255
